{
  "level": "info",
  "message": "Server starting",
  "timestamp": "Oct-20-2025 09:11:51"
}
{
  "level": "info",
  "message": "LOG_LEVEL -debug",
  "timestamp": "Oct-20-2025 09:11:51"
}
{
  "level": "info",
  "message": "WEBHOOK_URL -https://zjwalsh-vmware.tail4794a2.ts.net/webhook/webhook",
  "timestamp": "Oct-20-2025 09:11:51"
}
{
  "level": "info",
  "message": "WXCLIENT_ID -C2dee08fe0c3cdfb22000cedd22a99e24fa1120d948416d67ee49b2f889e69d2c",
  "timestamp": "Oct-20-2025 09:11:51"
}
{
  "level": "info",
  "message": "WXCLIENT_ORGID -4f25a9a0-32e6-445f-b347-d920b9b857be",
  "timestamp": "Oct-20-2025 09:11:51"
}
{
  "level": "info",
  "message": "WXCLIENT_SECRET -c0ce4cc51127444b90ac2f9a908a860f60b528bb86a08c7b721bccb301a0ff22",
  "timestamp": "Oct-20-2025 09:11:51"
}
{
  "level": "debug",
  "message": "Delete all records in WX Token database.",
  "timestamp": "Oct-20-2025 09:11:51"
}
{
  "level": "debug",
  "message": "Delete all records in caltokens.",
  "timestamp": "Oct-20-2025 09:11:51"
}
{
  "level": "debug",
  "message": "Trying request for WX Token with params: {\"grant_type\":\"refresh_token\",\"client_id\":\"C2dee08fe0c3cdfb22000cedd22a99e24fa1120d948416d67ee49b2f889e69d2c\",\"client_secret\":\"c0ce4cc51127444b90ac2f9a908a860f60b528bb86a08c7b721bccb301a0ff22\",\"refresh_token\":\"R2E1NzA0NjktYWNjZi00NTMwLWFhODQtNzgwM2VkZmNjY2RkMzQ1ZWI1Y2ItNmNi_PF84_4f25a9a0-32e6-445f-b347-d920b9b857be\"}",
  "timestamp": "Oct-20-2025 09:11:51"
}
{
  "level": "debug",
  "message": "Trying CA token request with params: {\"client_id\":\"5KLMJtqxDnthworg\",\"client_secret\":\";L/89v(NA*uUS?Mq/>f\",\"scope\":\"TeleSig_19\"}",
  "timestamp": "Oct-20-2025 09:11:51"
}
{
  "level": "debug",
  "message": "Find all Subscription  ",
  "timestamp": "Oct-20-2025 09:11:51"
}
{
  "level": "debug",
  "message": "✓ Serving static build files from: /home/zjwalsh/Projects/TSMiddleware/server/public/build",
  "timestamp": "Oct-20-2025 09:11:51"
}
{
  "level": "debug",
  "message": "✓ Exposed /tsforms-widget.bundle.js -> /home/zjwalsh/Projects/TSMiddleware/server/public/build/static/js/main.93bcb9d5.js",
  "timestamp": "Oct-20-2025 09:11:51"
}
{
  "level": "debug",
  "message": "\n🚀 TSForms server running on port 8443",
  "timestamp": "Oct-20-2025 09:11:51"
}
{
  "level": "debug",
  "message": "📡 API: http://localhost:8443/telephonic-signature/api",
  "timestamp": "Oct-20-2025 09:11:51"
}
{
  "level": "debug",
  "message": "✓ PRODUCTION mode - serving React app at http://localhost:8443",
  "timestamp": "Oct-20-2025 09:11:51"
}
{
  "level": "debug",
  "message": "lacts.db - Executing (default): DELETE FROM `caltokens`",
  "timestamp": "Oct-20-2025 09:11:51"
}
{
  "level": "debug",
  "message": "lacts.db - Executing (default): SELECT name FROM sqlite_master WHERE type='table' AND name='wxtokens';",
  "timestamp": "Oct-20-2025 09:11:51"
}
{
  "level": "debug",
  "message": "lacts.db - Executing (default): SELECT `id`, `name`, `description`, `evenTypes`, `destinationUrl`, `status`, `createdBy`, `createdTime`, `createdAt`, `updatedAt` FROM `subscriptions` AS `subscriptions` LIMIT 1;",
  "timestamp": "Oct-20-2025 09:11:51"
}
{
  "level": "debug",
  "message": "lacts.db - Executing (default): DELETE FROM `wxtokens`",
  "timestamp": "Oct-20-2025 09:11:51"
}
{
  "level": "debug",
  "message": "lacts.db - Executing (default): PRAGMA INDEX_LIST(`wxtokens`)",
  "timestamp": "Oct-20-2025 09:11:51"
}
{
  "level": "debug",
  "message": "Error trying to find Subscriptions - Cannot read properties of undefined (reading 'dataValues')",
  "timestamp": "Oct-20-2025 09:11:51"
}
{
  "level": "info",
  "message": "Initializing the Scheduler..",
  "timestamp": "Oct-20-2025 09:11:51"
}
{
  "level": "info",
  "message": "Initializing the Scheduler - job_getWXRefreshToken",
  "timestamp": "Oct-20-2025 09:11:51"
}
{
  "level": "info",
  "message": "Initializing the Scheduler - job_getCAAccessToken",
  "timestamp": "Oct-20-2025 09:11:51"
}
{
  "level": "debug",
  "message": "lacts.db - Executing (default): PRAGMA INDEX_INFO(`sqlite_autoindex_wxtokens_1`)",
  "timestamp": "Oct-20-2025 09:11:51"
}
{
  "level": "debug",
  "message": "lacts.db - Executing (default): SELECT name FROM sqlite_master WHERE type='table' AND name='caltokens';",
  "timestamp": "Oct-20-2025 09:11:51"
}
{
  "level": "debug",
  "message": "lacts.db - Executing (default): PRAGMA INDEX_LIST(`caltokens`)",
  "timestamp": "Oct-20-2025 09:11:51"
}
{
  "level": "debug",
  "message": "lacts.db - Executing (default): SELECT name FROM sqlite_master WHERE type='table' AND name='subscriptions';",
  "timestamp": "Oct-20-2025 09:11:51"
}
{
  "level": "debug",
  "message": "lacts.db - Executing (default): PRAGMA INDEX_LIST(`subscriptions`)",
  "timestamp": "Oct-20-2025 09:11:51"
}
{
  "level": "debug",
  "message": "lacts.db - Executing (default): PRAGMA INDEX_INFO(`sqlite_autoindex_subscriptions_1`)",
  "timestamp": "Oct-20-2025 09:11:51"
}
{
  "level": "debug",
  "message": "lacts.db - Executing (default): SELECT name FROM sqlite_master WHERE type='table' AND name='wxAgents';",
  "timestamp": "Oct-20-2025 09:11:51"
}
{
  "level": "debug",
  "message": "lacts.db - Executing (default): PRAGMA INDEX_LIST(`wxAgents`)",
  "timestamp": "Oct-20-2025 09:11:51"
}
{
  "level": "debug",
  "message": "lacts.db - Executing (default): PRAGMA INDEX_INFO(`sqlite_autoindex_wxAgents_1`)",
  "timestamp": "Oct-20-2025 09:11:51"
}
{
  "level": "info",
  "message": "DB Connected!",
  "timestamp": "Oct-20-2025 09:11:51"
}
{
  "level": "info",
  "message": "Storing in CA token database: {\"access_token\":\"0JuZZB1nLQGrhtk-zL0O2p-tv-o\",\"scope\":\"TeleSig_19\",\"token_type\":\"Bearer\",\"expires_in\":1229}",
  "timestamp": "Oct-20-2025 09:11:52"
}
{
  "level": "debug",
  "message": "lacts.db - Executing (default): SELECT `id`, `access_token`, `scope`, `token_type`, `expires_in`, `createdAt`, `updatedAt` FROM `caltokens` AS `caltokens` WHERE `caltokens`.`id` = 1;",
  "timestamp": "Oct-20-2025 09:11:52"
}
{
  "level": "info",
  "message": "No Existing token found in CA Database, updating / creating first one..",
  "timestamp": "Oct-20-2025 09:11:52"
}
{
  "level": "debug",
  "message": "lacts.db - Executing (default): INSERT INTO `caltokens` (`id`,`access_token`,`scope`,`token_type`,`expires_in`,`createdAt`,`updatedAt`) VALUES ($1,$2,$3,$4,$5,$6,$7) ON CONFLICT (`id`) DO UPDATE SET `id`=EXCLUDED.`id`,`access_token`=EXCLUDED.`access_token`,`scope`=EXCLUDED.`scope`,`expires_in`=EXCLUDED.`expires_in`,`token_type`=EXCLUDED.`token_type`,`updatedAt`=EXCLUDED.`updatedAt`;",
  "timestamp": "Oct-20-2025 09:11:52"
}
{
  "level": "debug",
  "message": "Created new CA DB record: [{\"id\":1,\"access_token\":\"0JuZZB1nLQGrhtk-zL0O2p-tv-o\",\"scope\":\"TeleSig_19\",\"expires_in\":1229,\"token_type\":\"Bearer\"},null]",
  "timestamp": "Oct-20-2025 09:11:52"
}
{
  "level": "info",
  "message": "Storing in WX token database: {\"access_token\":\"YTAwYmJmZTgtMTZhYi00NmE2LWE1OWMtOGMzMDJmMzE1MTg2YjJkY2QxYzItMmUz_PF84_4f25a9a0-32e6-445f-b347-d920b9b857be\",\"expires_in\":1209599,\"refresh_token\":\"R2E1NzA0NjktYWNjZi00NTMwLWFhODQtNzgwM2VkZmNjY2RkMzQ1ZWI1Y2ItNmNi_PF84_4f25a9a0-32e6-445f-b347-d920b9b857be\",\"refresh_token_expires_in\":7718749,\"token_type\":\"Bearer\",\"scope\":\"cjp:config_write cjp:config_read\"}",
  "timestamp": "Oct-20-2025 09:11:52"
}
{
  "level": "debug",
  "message": "lacts.db - Executing (default): SELECT `id`, `access_token`, `expires_in`, `refresh_token`, `refresh_token_expires_in`, `token_type`, `scope`, `createdAt`, `updatedAt` FROM `wxtokens` AS `wxtokens` WHERE `wxtokens`.`id` = 1;",
  "timestamp": "Oct-20-2025 09:11:52"
}
{
  "level": "info",
  "message": "No Existing WX token found, updating / creating first one..",
  "timestamp": "Oct-20-2025 09:11:52"
}
{
  "level": "debug",
  "message": "lacts.db - Executing (default): INSERT INTO `wxtokens` (`id`,`access_token`,`expires_in`,`refresh_token`,`refresh_token_expires_in`,`token_type`,`scope`,`createdAt`,`updatedAt`) VALUES ($1,$2,$3,$4,$5,$6,$7,$8,$9) ON CONFLICT (`id`) DO UPDATE SET `id`=EXCLUDED.`id`,`access_token`=EXCLUDED.`access_token`,`expires_in`=EXCLUDED.`expires_in`,`refresh_token`=EXCLUDED.`refresh_token`,`refresh_token_expires_in`=EXCLUDED.`refresh_token_expires_in`,`token_type`=EXCLUDED.`token_type`,`scope`=EXCLUDED.`scope`,`updatedAt`=EXCLUDED.`updatedAt`;",
  "timestamp": "Oct-20-2025 09:11:52"
}
{
  "level": "debug",
  "message": "Created new WX token DB record: [{\"id\":1,\"access_token\":\"YTAwYmJmZTgtMTZhYi00NmE2LWE1OWMtOGMzMDJmMzE1MTg2YjJkY2QxYzItMmUz_PF84_4f25a9a0-32e6-445f-b347-d920b9b857be\",\"expires_in\":1209599,\"refresh_token\":\"R2E1NzA0NjktYWNjZi00NTMwLWFhODQtNzgwM2VkZmNjY2RkMzQ1ZWI1Y2ItNmNi_PF84_4f25a9a0-32e6-445f-b347-d920b9b857be\",\"refresh_token_expires_in\":7718749,\"token_type\":\"Bearer\",\"scope\":\"cjp:config_write cjp:config_read\"},null]",
  "timestamp": "Oct-20-2025 09:11:52"
}
{
  "level": "debug",
  "message": "Trying request for WX Token with params: {\"grant_type\":\"refresh_token\",\"client_id\":\"C2dee08fe0c3cdfb22000cedd22a99e24fa1120d948416d67ee49b2f889e69d2c\",\"client_secret\":\"c0ce4cc51127444b90ac2f9a908a860f60b528bb86a08c7b721bccb301a0ff22\",\"refresh_token\":\"R2E1NzA0NjktYWNjZi00NTMwLWFhODQtNzgwM2VkZmNjY2RkMzQ1ZWI1Y2ItNmNi_PF84_4f25a9a0-32e6-445f-b347-d920b9b857be\"}",
  "timestamp": "Oct-20-2025 09:26:51"
}
{
  "level": "debug",
  "message": "Trying CA token request with params: {\"client_id\":\"5KLMJtqxDnthworg\",\"client_secret\":\";L/89v(NA*uUS?Mq/>f\",\"scope\":\"TeleSig_19\"}",
  "timestamp": "Oct-20-2025 09:26:51"
}
{
  "level": "info",
  "message": "Storing in CA token database: {\"access_token\":\"t5YbHh1EnUxQqVV_cjCe_7HbBLQ\",\"scope\":\"TeleSig_19\",\"token_type\":\"Bearer\",\"expires_in\":1229}",
  "timestamp": "Oct-20-2025 09:26:52"
}
{
  "level": "debug",
  "message": "lacts.db - Executing (default): SELECT `id`, `access_token`, `scope`, `token_type`, `expires_in`, `createdAt`, `updatedAt` FROM `caltokens` AS `caltokens` WHERE `caltokens`.`id` = 1;",
  "timestamp": "Oct-20-2025 09:26:52"
}
{
  "level": "info",
  "message": "Found existing token details in CA DB: {\"id\":1,\"access_token\":\"0JuZZB1nLQGrhtk-zL0O2p-tv-o\",\"scope\":\"TeleSig_19\",\"token_type\":\"Bearer\",\"expires_in\":1229,\"createdAt\":\"2025-10-20T16:11:52.046Z\",\"updatedAt\":\"2025-10-20T16:11:52.046Z\"} updating with this data:-> {\"access_token\":\"t5YbHh1EnUxQqVV_cjCe_7HbBLQ\",\"scope\":\"TeleSig_19\",\"token_type\":\"Bearer\",\"expires_in\":1229}",
  "timestamp": "Oct-20-2025 09:26:52"
}
{
  "level": "debug",
  "message": "lacts.db - Executing (default): INSERT INTO `caltokens` (`id`,`access_token`,`scope`,`token_type`,`expires_in`,`createdAt`,`updatedAt`) VALUES ($1,$2,$3,$4,$5,$6,$7) ON CONFLICT (`id`) DO UPDATE SET `id`=EXCLUDED.`id`,`access_token`=EXCLUDED.`access_token`,`scope`=EXCLUDED.`scope`,`expires_in`=EXCLUDED.`expires_in`,`token_type`=EXCLUDED.`token_type`,`updatedAt`=EXCLUDED.`updatedAt`;",
  "timestamp": "Oct-20-2025 09:26:52"
}
{
  "level": "debug",
  "message": "Created new CA DB record: [{\"id\":1,\"access_token\":\"t5YbHh1EnUxQqVV_cjCe_7HbBLQ\",\"scope\":\"TeleSig_19\",\"expires_in\":1229,\"token_type\":\"Bearer\"},null]",
  "timestamp": "Oct-20-2025 09:26:52"
}
{
  "level": "info",
  "message": "Storing in WX token database: {\"access_token\":\"ZjY2NWQ1Y2UtMzI3Yi00N2Q2LTk5OGUtYTE5MDkxN2JiZjM1YmM5OTRlYWMtYTYw_PF84_4f25a9a0-32e6-445f-b347-d920b9b857be\",\"expires_in\":1209599,\"refresh_token\":\"R2E1NzA0NjktYWNjZi00NTMwLWFhODQtNzgwM2VkZmNjY2RkMzQ1ZWI1Y2ItNmNi_PF84_4f25a9a0-32e6-445f-b347-d920b9b857be\",\"refresh_token_expires_in\":7717849,\"token_type\":\"Bearer\",\"scope\":\"cjp:config_write cjp:config_read\"}",
  "timestamp": "Oct-20-2025 09:26:52"
}
{
  "level": "debug",
  "message": "lacts.db - Executing (default): SELECT `id`, `access_token`, `expires_in`, `refresh_token`, `refresh_token_expires_in`, `token_type`, `scope`, `createdAt`, `updatedAt` FROM `wxtokens` AS `wxtokens` WHERE `wxtokens`.`id` = 1;",
  "timestamp": "Oct-20-2025 09:26:52"
}
{
  "level": "info",
  "message": "Found existing token details in WX DB: {\"id\":\"1\",\"access_token\":\"YTAwYmJmZTgtMTZhYi00NmE2LWE1OWMtOGMzMDJmMzE1MTg2YjJkY2QxYzItMmUz_PF84_4f25a9a0-32e6-445f-b347-d920b9b857be\",\"expires_in\":1209599,\"refresh_token\":\"R2E1NzA0NjktYWNjZi00NTMwLWFhODQtNzgwM2VkZmNjY2RkMzQ1ZWI1Y2ItNmNi_PF84_4f25a9a0-32e6-445f-b347-d920b9b857be\",\"refresh_token_expires_in\":7718749,\"token_type\":\"Bearer\",\"scope\":\"cjp:config_write cjp:config_read\",\"createdAt\":\"2025-10-20T16:11:52.152Z\",\"updatedAt\":\"2025-10-20T16:11:52.152Z\"} updating with this data:-> {\"access_token\":\"ZjY2NWQ1Y2UtMzI3Yi00N2Q2LTk5OGUtYTE5MDkxN2JiZjM1YmM5OTRlYWMtYTYw_PF84_4f25a9a0-32e6-445f-b347-d920b9b857be\",\"expires_in\":1209599,\"refresh_token\":\"R2E1NzA0NjktYWNjZi00NTMwLWFhODQtNzgwM2VkZmNjY2RkMzQ1ZWI1Y2ItNmNi_PF84_4f25a9a0-32e6-445f-b347-d920b9b857be\",\"refresh_token_expires_in\":7717849,\"token_type\":\"Bearer\",\"scope\":\"cjp:config_write cjp:config_read\"}",
  "timestamp": "Oct-20-2025 09:26:52"
}
{
  "level": "debug",
  "message": "lacts.db - Executing (default): INSERT INTO `wxtokens` (`id`,`access_token`,`expires_in`,`refresh_token`,`refresh_token_expires_in`,`token_type`,`scope`,`createdAt`,`updatedAt`) VALUES ($1,$2,$3,$4,$5,$6,$7,$8,$9) ON CONFLICT (`id`) DO UPDATE SET `id`=EXCLUDED.`id`,`access_token`=EXCLUDED.`access_token`,`expires_in`=EXCLUDED.`expires_in`,`refresh_token`=EXCLUDED.`refresh_token`,`refresh_token_expires_in`=EXCLUDED.`refresh_token_expires_in`,`token_type`=EXCLUDED.`token_type`,`scope`=EXCLUDED.`scope`,`updatedAt`=EXCLUDED.`updatedAt`;",
  "timestamp": "Oct-20-2025 09:26:52"
}
{
  "level": "debug",
  "message": "Created new WX token DB record: [{\"id\":1,\"access_token\":\"ZjY2NWQ1Y2UtMzI3Yi00N2Q2LTk5OGUtYTE5MDkxN2JiZjM1YmM5OTRlYWMtYTYw_PF84_4f25a9a0-32e6-445f-b347-d920b9b857be\",\"expires_in\":1209599,\"refresh_token\":\"R2E1NzA0NjktYWNjZi00NTMwLWFhODQtNzgwM2VkZmNjY2RkMzQ1ZWI1Y2ItNmNi_PF84_4f25a9a0-32e6-445f-b347-d920b9b857be\",\"refresh_token_expires_in\":7717849,\"token_type\":\"Bearer\",\"scope\":\"cjp:config_write cjp:config_read\"},null]",
  "timestamp": "Oct-20-2025 09:26:52"
}
{
  "level": "debug",
  "message": "Trying request for WX Token with params: {\"grant_type\":\"refresh_token\",\"client_id\":\"C2dee08fe0c3cdfb22000cedd22a99e24fa1120d948416d67ee49b2f889e69d2c\",\"client_secret\":\"c0ce4cc51127444b90ac2f9a908a860f60b528bb86a08c7b721bccb301a0ff22\",\"refresh_token\":\"R2E1NzA0NjktYWNjZi00NTMwLWFhODQtNzgwM2VkZmNjY2RkMzQ1ZWI1Y2ItNmNi_PF84_4f25a9a0-32e6-445f-b347-d920b9b857be\"}",
  "timestamp": "Oct-20-2025 09:41:51"
}
{
  "level": "debug",
  "message": "Trying CA token request with params: {\"client_id\":\"5KLMJtqxDnthworg\",\"client_secret\":\";L/89v(NA*uUS?Mq/>f\",\"scope\":\"TeleSig_19\"}",
  "timestamp": "Oct-20-2025 09:41:51"
}
{
  "level": "info",
  "message": "Storing in CA token database: {\"access_token\":\"rJh79x_hwGquIwf829X76H5vMIc\",\"scope\":\"TeleSig_19\",\"token_type\":\"Bearer\",\"expires_in\":1229}",
  "timestamp": "Oct-20-2025 09:41:54"
}
{
  "level": "debug",
  "message": "lacts.db - Executing (default): SELECT `id`, `access_token`, `scope`, `token_type`, `expires_in`, `createdAt`, `updatedAt` FROM `caltokens` AS `caltokens` WHERE `caltokens`.`id` = 1;",
  "timestamp": "Oct-20-2025 09:41:54"
}
{
  "level": "info",
  "message": "Found existing token details in CA DB: {\"id\":1,\"access_token\":\"t5YbHh1EnUxQqVV_cjCe_7HbBLQ\",\"scope\":\"TeleSig_19\",\"token_type\":\"Bearer\",\"expires_in\":1229,\"createdAt\":\"2025-10-20T16:11:52.046Z\",\"updatedAt\":\"2025-10-20T16:26:52.033Z\"} updating with this data:-> {\"access_token\":\"rJh79x_hwGquIwf829X76H5vMIc\",\"scope\":\"TeleSig_19\",\"token_type\":\"Bearer\",\"expires_in\":1229}",
  "timestamp": "Oct-20-2025 09:41:54"
}
{
  "level": "debug",
  "message": "lacts.db - Executing (default): INSERT INTO `caltokens` (`id`,`access_token`,`scope`,`token_type`,`expires_in`,`createdAt`,`updatedAt`) VALUES ($1,$2,$3,$4,$5,$6,$7) ON CONFLICT (`id`) DO UPDATE SET `id`=EXCLUDED.`id`,`access_token`=EXCLUDED.`access_token`,`scope`=EXCLUDED.`scope`,`expires_in`=EXCLUDED.`expires_in`,`token_type`=EXCLUDED.`token_type`,`updatedAt`=EXCLUDED.`updatedAt`;",
  "timestamp": "Oct-20-2025 09:41:54"
}
{
  "level": "debug",
  "message": "Created new CA DB record: [{\"id\":1,\"access_token\":\"rJh79x_hwGquIwf829X76H5vMIc\",\"scope\":\"TeleSig_19\",\"expires_in\":1229,\"token_type\":\"Bearer\"},null]",
  "timestamp": "Oct-20-2025 09:41:54"
}
{
  "level": "info",
  "message": "Storing in WX token database: {\"access_token\":\"NjU4YTY0ZmEtYzM2NC00NWQ0LWJhNzAtYTAwZGYxNTJhNGIzM2IxMDQ3ZjYtYjYz_PF84_4f25a9a0-32e6-445f-b347-d920b9b857be\",\"expires_in\":1209599,\"refresh_token\":\"R2E1NzA0NjktYWNjZi00NTMwLWFhODQtNzgwM2VkZmNjY2RkMzQ1ZWI1Y2ItNmNi_PF84_4f25a9a0-32e6-445f-b347-d920b9b857be\",\"refresh_token_expires_in\":7716947,\"token_type\":\"Bearer\",\"scope\":\"cjp:config_write cjp:config_read\"}",
  "timestamp": "Oct-20-2025 09:41:54"
}
{
  "level": "debug",
  "message": "lacts.db - Executing (default): SELECT `id`, `access_token`, `expires_in`, `refresh_token`, `refresh_token_expires_in`, `token_type`, `scope`, `createdAt`, `updatedAt` FROM `wxtokens` AS `wxtokens` WHERE `wxtokens`.`id` = 1;",
  "timestamp": "Oct-20-2025 09:41:54"
}
{
  "level": "info",
  "message": "Found existing token details in WX DB: {\"id\":\"1\",\"access_token\":\"ZjY2NWQ1Y2UtMzI3Yi00N2Q2LTk5OGUtYTE5MDkxN2JiZjM1YmM5OTRlYWMtYTYw_PF84_4f25a9a0-32e6-445f-b347-d920b9b857be\",\"expires_in\":1209599,\"refresh_token\":\"R2E1NzA0NjktYWNjZi00NTMwLWFhODQtNzgwM2VkZmNjY2RkMzQ1ZWI1Y2ItNmNi_PF84_4f25a9a0-32e6-445f-b347-d920b9b857be\",\"refresh_token_expires_in\":7717849,\"token_type\":\"Bearer\",\"scope\":\"cjp:config_write cjp:config_read\",\"createdAt\":\"2025-10-20T16:11:52.152Z\",\"updatedAt\":\"2025-10-20T16:26:52.188Z\"} updating with this data:-> {\"access_token\":\"NjU4YTY0ZmEtYzM2NC00NWQ0LWJhNzAtYTAwZGYxNTJhNGIzM2IxMDQ3ZjYtYjYz_PF84_4f25a9a0-32e6-445f-b347-d920b9b857be\",\"expires_in\":1209599,\"refresh_token\":\"R2E1NzA0NjktYWNjZi00NTMwLWFhODQtNzgwM2VkZmNjY2RkMzQ1ZWI1Y2ItNmNi_PF84_4f25a9a0-32e6-445f-b347-d920b9b857be\",\"refresh_token_expires_in\":7716947,\"token_type\":\"Bearer\",\"scope\":\"cjp:config_write cjp:config_read\"}",
  "timestamp": "Oct-20-2025 09:41:54"
}
{
  "level": "debug",
  "message": "lacts.db - Executing (default): INSERT INTO `wxtokens` (`id`,`access_token`,`expires_in`,`refresh_token`,`refresh_token_expires_in`,`token_type`,`scope`,`createdAt`,`updatedAt`) VALUES ($1,$2,$3,$4,$5,$6,$7,$8,$9) ON CONFLICT (`id`) DO UPDATE SET `id`=EXCLUDED.`id`,`access_token`=EXCLUDED.`access_token`,`expires_in`=EXCLUDED.`expires_in`,`refresh_token`=EXCLUDED.`refresh_token`,`refresh_token_expires_in`=EXCLUDED.`refresh_token_expires_in`,`token_type`=EXCLUDED.`token_type`,`scope`=EXCLUDED.`scope`,`updatedAt`=EXCLUDED.`updatedAt`;",
  "timestamp": "Oct-20-2025 09:41:54"
}
{
  "level": "debug",
  "message": "Created new WX token DB record: [{\"id\":1,\"access_token\":\"NjU4YTY0ZmEtYzM2NC00NWQ0LWJhNzAtYTAwZGYxNTJhNGIzM2IxMDQ3ZjYtYjYz_PF84_4f25a9a0-32e6-445f-b347-d920b9b857be\",\"expires_in\":1209599,\"refresh_token\":\"R2E1NzA0NjktYWNjZi00NTMwLWFhODQtNzgwM2VkZmNjY2RkMzQ1ZWI1Y2ItNmNi_PF84_4f25a9a0-32e6-445f-b347-d920b9b857be\",\"refresh_token_expires_in\":7716947,\"token_type\":\"Bearer\",\"scope\":\"cjp:config_write cjp:config_read\"},null]",
  "timestamp": "Oct-20-2025 09:41:54"
}
{
  "level": "info",
  "message": "Server starting",
  "timestamp": "Oct-20-2025 09:49:42"
}
{
  "level": "info",
  "message": "LOG_LEVEL -debug",
  "timestamp": "Oct-20-2025 09:49:42"
}
{
  "level": "info",
  "message": "WEBHOOK_URL -https://zjwalsh-vmware.tail4794a2.ts.net/webhook/webhook",
  "timestamp": "Oct-20-2025 09:49:42"
}
{
  "level": "info",
  "message": "WXCLIENT_ID -C2dee08fe0c3cdfb22000cedd22a99e24fa1120d948416d67ee49b2f889e69d2c",
  "timestamp": "Oct-20-2025 09:49:42"
}
{
  "level": "info",
  "message": "WXCLIENT_ORGID -4f25a9a0-32e6-445f-b347-d920b9b857be",
  "timestamp": "Oct-20-2025 09:49:42"
}
{
  "level": "info",
  "message": "WXCLIENT_SECRET -c0ce4cc51127444b90ac2f9a908a860f60b528bb86a08c7b721bccb301a0ff22",
  "timestamp": "Oct-20-2025 09:49:42"
}
{
  "level": "debug",
  "message": "Delete all records in WX Token database.",
  "timestamp": "Oct-20-2025 09:49:42"
}
{
  "level": "debug",
  "message": "Delete all records in caltokens.",
  "timestamp": "Oct-20-2025 09:49:42"
}
{
  "level": "debug",
  "message": "Trying request for WX Token with params: {\"grant_type\":\"refresh_token\",\"client_id\":\"C2dee08fe0c3cdfb22000cedd22a99e24fa1120d948416d67ee49b2f889e69d2c\",\"client_secret\":\"c0ce4cc51127444b90ac2f9a908a860f60b528bb86a08c7b721bccb301a0ff22\",\"refresh_token\":\"R2E1NzA0NjktYWNjZi00NTMwLWFhODQtNzgwM2VkZmNjY2RkMzQ1ZWI1Y2ItNmNi_PF84_4f25a9a0-32e6-445f-b347-d920b9b857be\"}",
  "timestamp": "Oct-20-2025 09:49:42"
}
{
  "level": "debug",
  "message": "Trying CA token request with params: {\"client_id\":\"5KLMJtqxDnthworg\",\"client_secret\":\";L/89v(NA*uUS?Mq/>f\",\"scope\":\"TeleSig_19\"}",
  "timestamp": "Oct-20-2025 09:49:42"
}
{
  "level": "debug",
  "message": "Find all Subscription  ",
  "timestamp": "Oct-20-2025 09:49:42"
}
{
  "level": "debug",
  "message": "✓ Serving static build files from: /home/zjwalsh/Projects/TSMiddleware/server/public/build",
  "timestamp": "Oct-20-2025 09:49:42"
}
{
  "level": "debug",
  "message": "✓ Exposed /tsforms-widget.bundle.js -> /home/zjwalsh/Projects/TSMiddleware/server/public/build/static/js/main.3c474129.js",
  "timestamp": "Oct-20-2025 09:49:42"
}
{
  "level": "debug",
  "message": "\n🚀 TSForms server running on port 8443",
  "timestamp": "Oct-20-2025 09:49:42"
}
{
  "level": "debug",
  "message": "📡 API: http://localhost:8443/telephonic-signature/api",
  "timestamp": "Oct-20-2025 09:49:42"
}
{
  "level": "debug",
  "message": "✓ PRODUCTION mode - serving React app at http://localhost:8443",
  "timestamp": "Oct-20-2025 09:49:42"
}
{
  "level": "debug",
  "message": "lacts.db - Executing (default): DELETE FROM `caltokens`",
  "timestamp": "Oct-20-2025 09:49:42"
}
{
  "level": "debug",
  "message": "lacts.db - Executing (default): SELECT name FROM sqlite_master WHERE type='table' AND name='wxtokens';",
  "timestamp": "Oct-20-2025 09:49:42"
}
{
  "level": "debug",
  "message": "lacts.db - Executing (default): SELECT `id`, `name`, `description`, `evenTypes`, `destinationUrl`, `status`, `createdBy`, `createdTime`, `createdAt`, `updatedAt` FROM `subscriptions` AS `subscriptions` LIMIT 1;",
  "timestamp": "Oct-20-2025 09:49:42"
}
{
  "level": "debug",
  "message": "lacts.db - Executing (default): DELETE FROM `wxtokens`",
  "timestamp": "Oct-20-2025 09:49:42"
}
{
  "level": "debug",
  "message": "lacts.db - Executing (default): PRAGMA INDEX_LIST(`wxtokens`)",
  "timestamp": "Oct-20-2025 09:49:42"
}
{
  "level": "debug",
  "message": "Error trying to find Subscriptions - Cannot read properties of undefined (reading 'dataValues')",
  "timestamp": "Oct-20-2025 09:49:42"
}
{
  "level": "info",
  "message": "Initializing the Scheduler..",
  "timestamp": "Oct-20-2025 09:49:42"
}
{
  "level": "info",
  "message": "Initializing the Scheduler - job_getWXRefreshToken",
  "timestamp": "Oct-20-2025 09:49:42"
}
{
  "level": "info",
  "message": "Initializing the Scheduler - job_getCAAccessToken",
  "timestamp": "Oct-20-2025 09:49:42"
}
{
  "level": "debug",
  "message": "lacts.db - Executing (default): PRAGMA INDEX_INFO(`sqlite_autoindex_wxtokens_1`)",
  "timestamp": "Oct-20-2025 09:49:42"
}
{
  "level": "debug",
  "message": "lacts.db - Executing (default): SELECT name FROM sqlite_master WHERE type='table' AND name='caltokens';",
  "timestamp": "Oct-20-2025 09:49:42"
}
{
  "level": "debug",
  "message": "lacts.db - Executing (default): PRAGMA INDEX_LIST(`caltokens`)",
  "timestamp": "Oct-20-2025 09:49:42"
}
{
  "level": "debug",
  "message": "lacts.db - Executing (default): SELECT name FROM sqlite_master WHERE type='table' AND name='subscriptions';",
  "timestamp": "Oct-20-2025 09:49:42"
}
{
  "level": "debug",
  "message": "lacts.db - Executing (default): PRAGMA INDEX_LIST(`subscriptions`)",
  "timestamp": "Oct-20-2025 09:49:42"
}
{
  "level": "debug",
  "message": "lacts.db - Executing (default): PRAGMA INDEX_INFO(`sqlite_autoindex_subscriptions_1`)",
  "timestamp": "Oct-20-2025 09:49:42"
}
{
  "level": "debug",
  "message": "lacts.db - Executing (default): SELECT name FROM sqlite_master WHERE type='table' AND name='wxAgents';",
  "timestamp": "Oct-20-2025 09:49:42"
}
{
  "level": "debug",
  "message": "lacts.db - Executing (default): PRAGMA INDEX_LIST(`wxAgents`)",
  "timestamp": "Oct-20-2025 09:49:42"
}
{
  "level": "debug",
  "message": "lacts.db - Executing (default): PRAGMA INDEX_INFO(`sqlite_autoindex_wxAgents_1`)",
  "timestamp": "Oct-20-2025 09:49:42"
}
{
  "level": "info",
  "message": "DB Connected!",
  "timestamp": "Oct-20-2025 09:49:42"
}
{
  "level": "info",
  "message": "Storing in CA token database: {\"access_token\":\"ZnMT4KLQgbi1nzt-vUC6QYPZ1sc\",\"scope\":\"TeleSig_19\",\"token_type\":\"Bearer\",\"expires_in\":1229}",
  "timestamp": "Oct-20-2025 09:49:43"
}
{
  "level": "debug",
  "message": "lacts.db - Executing (default): SELECT `id`, `access_token`, `scope`, `token_type`, `expires_in`, `createdAt`, `updatedAt` FROM `caltokens` AS `caltokens` WHERE `caltokens`.`id` = 1;",
  "timestamp": "Oct-20-2025 09:49:43"
}
{
  "level": "info",
  "message": "No Existing token found in CA Database, updating / creating first one..",
  "timestamp": "Oct-20-2025 09:49:43"
}
{
  "level": "debug",
  "message": "lacts.db - Executing (default): INSERT INTO `caltokens` (`id`,`access_token`,`scope`,`token_type`,`expires_in`,`createdAt`,`updatedAt`) VALUES ($1,$2,$3,$4,$5,$6,$7) ON CONFLICT (`id`) DO UPDATE SET `id`=EXCLUDED.`id`,`access_token`=EXCLUDED.`access_token`,`scope`=EXCLUDED.`scope`,`expires_in`=EXCLUDED.`expires_in`,`token_type`=EXCLUDED.`token_type`,`updatedAt`=EXCLUDED.`updatedAt`;",
  "timestamp": "Oct-20-2025 09:49:43"
}
{
  "level": "debug",
  "message": "Created new CA DB record: [{\"id\":1,\"access_token\":\"ZnMT4KLQgbi1nzt-vUC6QYPZ1sc\",\"scope\":\"TeleSig_19\",\"expires_in\":1229,\"token_type\":\"Bearer\"},null]",
  "timestamp": "Oct-20-2025 09:49:43"
}
{
  "level": "info",
  "message": "Storing in WX token database: {\"access_token\":\"ZDg0YWE0YmUtNGE5OS00ZjcyLTlhMzYtOGMyZTYzODI0NzhjNzQ4OTBjNmUtODI5_PF84_4f25a9a0-32e6-445f-b347-d920b9b857be\",\"expires_in\":1209599,\"refresh_token\":\"R2E1NzA0NjktYWNjZi00NTMwLWFhODQtNzgwM2VkZmNjY2RkMzQ1ZWI1Y2ItNmNi_PF84_4f25a9a0-32e6-445f-b347-d920b9b857be\",\"refresh_token_expires_in\":7716478,\"token_type\":\"Bearer\",\"scope\":\"cjp:config_write cjp:config_read\"}",
  "timestamp": "Oct-20-2025 09:49:43"
}
{
  "level": "debug",
  "message": "lacts.db - Executing (default): SELECT `id`, `access_token`, `expires_in`, `refresh_token`, `refresh_token_expires_in`, `token_type`, `scope`, `createdAt`, `updatedAt` FROM `wxtokens` AS `wxtokens` WHERE `wxtokens`.`id` = 1;",
  "timestamp": "Oct-20-2025 09:49:43"
}
{
  "level": "info",
  "message": "No Existing WX token found, updating / creating first one..",
  "timestamp": "Oct-20-2025 09:49:43"
}
{
  "level": "debug",
  "message": "lacts.db - Executing (default): INSERT INTO `wxtokens` (`id`,`access_token`,`expires_in`,`refresh_token`,`refresh_token_expires_in`,`token_type`,`scope`,`createdAt`,`updatedAt`) VALUES ($1,$2,$3,$4,$5,$6,$7,$8,$9) ON CONFLICT (`id`) DO UPDATE SET `id`=EXCLUDED.`id`,`access_token`=EXCLUDED.`access_token`,`expires_in`=EXCLUDED.`expires_in`,`refresh_token`=EXCLUDED.`refresh_token`,`refresh_token_expires_in`=EXCLUDED.`refresh_token_expires_in`,`token_type`=EXCLUDED.`token_type`,`scope`=EXCLUDED.`scope`,`updatedAt`=EXCLUDED.`updatedAt`;",
  "timestamp": "Oct-20-2025 09:49:43"
}
{
  "level": "debug",
  "message": "Created new WX token DB record: [{\"id\":1,\"access_token\":\"ZDg0YWE0YmUtNGE5OS00ZjcyLTlhMzYtOGMyZTYzODI0NzhjNzQ4OTBjNmUtODI5_PF84_4f25a9a0-32e6-445f-b347-d920b9b857be\",\"expires_in\":1209599,\"refresh_token\":\"R2E1NzA0NjktYWNjZi00NTMwLWFhODQtNzgwM2VkZmNjY2RkMzQ1ZWI1Y2ItNmNi_PF84_4f25a9a0-32e6-445f-b347-d920b9b857be\",\"refresh_token_expires_in\":7716478,\"token_type\":\"Bearer\",\"scope\":\"cjp:config_write cjp:config_read\"},null]",
  "timestamp": "Oct-20-2025 09:49:43"
}
{
  "level": "info",
  "message": "Server starting",
  "timestamp": "Oct-20-2025 09:58:13"
}
{
  "level": "info",
  "message": "LOG_LEVEL -debug",
  "timestamp": "Oct-20-2025 09:58:13"
}
{
  "level": "info",
  "message": "WEBHOOK_URL -https://zjwalsh-vmware.tail4794a2.ts.net/webhook/webhook",
  "timestamp": "Oct-20-2025 09:58:13"
}
{
  "level": "info",
  "message": "WXCLIENT_ID -C2dee08fe0c3cdfb22000cedd22a99e24fa1120d948416d67ee49b2f889e69d2c",
  "timestamp": "Oct-20-2025 09:58:13"
}
{
  "level": "info",
  "message": "WXCLIENT_ORGID -4f25a9a0-32e6-445f-b347-d920b9b857be",
  "timestamp": "Oct-20-2025 09:58:13"
}
{
  "level": "info",
  "message": "WXCLIENT_SECRET -c0ce4cc51127444b90ac2f9a908a860f60b528bb86a08c7b721bccb301a0ff22",
  "timestamp": "Oct-20-2025 09:58:13"
}
{
  "level": "debug",
  "message": "Delete all records in WX Token database.",
  "timestamp": "Oct-20-2025 09:58:13"
}
{
  "level": "debug",
  "message": "Delete all records in caltokens.",
  "timestamp": "Oct-20-2025 09:58:13"
}
{
  "level": "debug",
  "message": "Trying request for WX Token with params: {\"grant_type\":\"refresh_token\",\"client_id\":\"C2dee08fe0c3cdfb22000cedd22a99e24fa1120d948416d67ee49b2f889e69d2c\",\"client_secret\":\"c0ce4cc51127444b90ac2f9a908a860f60b528bb86a08c7b721bccb301a0ff22\",\"refresh_token\":\"R2E1NzA0NjktYWNjZi00NTMwLWFhODQtNzgwM2VkZmNjY2RkMzQ1ZWI1Y2ItNmNi_PF84_4f25a9a0-32e6-445f-b347-d920b9b857be\"}",
  "timestamp": "Oct-20-2025 09:58:13"
}
{
  "level": "debug",
  "message": "Trying CA token request with params: {\"client_id\":\"5KLMJtqxDnthworg\",\"client_secret\":\";L/89v(NA*uUS?Mq/>f\",\"scope\":\"TeleSig_19\"}",
  "timestamp": "Oct-20-2025 09:58:13"
}
{
  "level": "debug",
  "message": "Find all Subscription  ",
  "timestamp": "Oct-20-2025 09:58:13"
}
{
  "level": "debug",
  "message": "✓ Serving static build files from: /home/zjwalsh/Projects/TSMiddleware/server/public/build",
  "timestamp": "Oct-20-2025 09:58:13"
}
{
  "level": "debug",
  "message": "✓ Exposed /tsforms-widget.bundle.js -> /home/zjwalsh/Projects/TSMiddleware/server/public/build/static/js/main.47f180ab.js",
  "timestamp": "Oct-20-2025 09:58:13"
}
{
  "level": "debug",
  "message": "\n🚀 TSForms server running on port 8443",
  "timestamp": "Oct-20-2025 09:58:13"
}
{
  "level": "debug",
  "message": "📡 API: http://localhost:8443/telephonic-signature/api",
  "timestamp": "Oct-20-2025 09:58:13"
}
{
  "level": "debug",
  "message": "✓ PRODUCTION mode - serving React app at http://localhost:8443",
  "timestamp": "Oct-20-2025 09:58:13"
}
{
  "level": "debug",
  "message": "lacts.db - Executing (default): DELETE FROM `caltokens`",
  "timestamp": "Oct-20-2025 09:58:13"
}
{
  "level": "debug",
  "message": "lacts.db - Executing (default): SELECT name FROM sqlite_master WHERE type='table' AND name='wxtokens';",
  "timestamp": "Oct-20-2025 09:58:13"
}
{
  "level": "debug",
  "message": "lacts.db - Executing (default): SELECT `id`, `name`, `description`, `evenTypes`, `destinationUrl`, `status`, `createdBy`, `createdTime`, `createdAt`, `updatedAt` FROM `subscriptions` AS `subscriptions` LIMIT 1;",
  "timestamp": "Oct-20-2025 09:58:13"
}
{
  "level": "debug",
  "message": "lacts.db - Executing (default): DELETE FROM `wxtokens`",
  "timestamp": "Oct-20-2025 09:58:13"
}
{
  "level": "debug",
  "message": "lacts.db - Executing (default): PRAGMA INDEX_LIST(`wxtokens`)",
  "timestamp": "Oct-20-2025 09:58:13"
}
{
  "level": "debug",
  "message": "Error trying to find Subscriptions - Cannot read properties of undefined (reading 'dataValues')",
  "timestamp": "Oct-20-2025 09:58:13"
}
{
  "level": "info",
  "message": "Initializing the Scheduler..",
  "timestamp": "Oct-20-2025 09:58:13"
}
{
  "level": "info",
  "message": "Initializing the Scheduler - job_getWXRefreshToken",
  "timestamp": "Oct-20-2025 09:58:13"
}
{
  "level": "info",
  "message": "Initializing the Scheduler - job_getCAAccessToken",
  "timestamp": "Oct-20-2025 09:58:13"
}
{
  "level": "debug",
  "message": "lacts.db - Executing (default): PRAGMA INDEX_INFO(`sqlite_autoindex_wxtokens_1`)",
  "timestamp": "Oct-20-2025 09:58:13"
}
{
  "level": "debug",
  "message": "lacts.db - Executing (default): SELECT name FROM sqlite_master WHERE type='table' AND name='caltokens';",
  "timestamp": "Oct-20-2025 09:58:13"
}
{
  "level": "debug",
  "message": "lacts.db - Executing (default): PRAGMA INDEX_LIST(`caltokens`)",
  "timestamp": "Oct-20-2025 09:58:13"
}
{
  "level": "debug",
  "message": "lacts.db - Executing (default): SELECT name FROM sqlite_master WHERE type='table' AND name='subscriptions';",
  "timestamp": "Oct-20-2025 09:58:13"
}
{
  "level": "debug",
  "message": "lacts.db - Executing (default): PRAGMA INDEX_LIST(`subscriptions`)",
  "timestamp": "Oct-20-2025 09:58:13"
}
{
  "level": "debug",
  "message": "lacts.db - Executing (default): PRAGMA INDEX_INFO(`sqlite_autoindex_subscriptions_1`)",
  "timestamp": "Oct-20-2025 09:58:13"
}
{
  "level": "debug",
  "message": "lacts.db - Executing (default): SELECT name FROM sqlite_master WHERE type='table' AND name='wxAgents';",
  "timestamp": "Oct-20-2025 09:58:13"
}
{
  "level": "debug",
  "message": "lacts.db - Executing (default): PRAGMA INDEX_LIST(`wxAgents`)",
  "timestamp": "Oct-20-2025 09:58:13"
}
{
  "level": "debug",
  "message": "lacts.db - Executing (default): PRAGMA INDEX_INFO(`sqlite_autoindex_wxAgents_1`)",
  "timestamp": "Oct-20-2025 09:58:13"
}
{
  "level": "info",
  "message": "DB Connected!",
  "timestamp": "Oct-20-2025 09:58:13"
}
{
  "level": "info",
  "message": "Storing in CA token database: {\"access_token\":\"IhXxmV-OPkD58_gK554uYtNholw\",\"scope\":\"TeleSig_19\",\"token_type\":\"Bearer\",\"expires_in\":1229}",
  "timestamp": "Oct-20-2025 09:58:13"
}
{
  "level": "debug",
  "message": "lacts.db - Executing (default): SELECT `id`, `access_token`, `scope`, `token_type`, `expires_in`, `createdAt`, `updatedAt` FROM `caltokens` AS `caltokens` WHERE `caltokens`.`id` = 1;",
  "timestamp": "Oct-20-2025 09:58:13"
}
{
  "level": "info",
  "message": "No Existing token found in CA Database, updating / creating first one..",
  "timestamp": "Oct-20-2025 09:58:13"
}
{
  "level": "debug",
  "message": "lacts.db - Executing (default): INSERT INTO `caltokens` (`id`,`access_token`,`scope`,`token_type`,`expires_in`,`createdAt`,`updatedAt`) VALUES ($1,$2,$3,$4,$5,$6,$7) ON CONFLICT (`id`) DO UPDATE SET `id`=EXCLUDED.`id`,`access_token`=EXCLUDED.`access_token`,`scope`=EXCLUDED.`scope`,`expires_in`=EXCLUDED.`expires_in`,`token_type`=EXCLUDED.`token_type`,`updatedAt`=EXCLUDED.`updatedAt`;",
  "timestamp": "Oct-20-2025 09:58:13"
}
{
  "level": "debug",
  "message": "Created new CA DB record: [{\"id\":1,\"access_token\":\"IhXxmV-OPkD58_gK554uYtNholw\",\"scope\":\"TeleSig_19\",\"expires_in\":1229,\"token_type\":\"Bearer\"},null]",
  "timestamp": "Oct-20-2025 09:58:13"
}
{
  "level": "info",
  "message": "Storing in WX token database: {\"access_token\":\"YWNmNDg3OTUtMTk0Zi00MmE2LTljMDEtNDBlNTM1ZjA0ODdhNTRkYWU5YmItZGRh_PF84_4f25a9a0-32e6-445f-b347-d920b9b857be\",\"expires_in\":1209599,\"refresh_token\":\"R2E1NzA0NjktYWNjZi00NTMwLWFhODQtNzgwM2VkZmNjY2RkMzQ1ZWI1Y2ItNmNi_PF84_4f25a9a0-32e6-445f-b347-d920b9b857be\",\"refresh_token_expires_in\":7715967,\"token_type\":\"Bearer\",\"scope\":\"cjp:config_write cjp:config_read\"}",
  "timestamp": "Oct-20-2025 09:58:13"
}
{
  "level": "debug",
  "message": "lacts.db - Executing (default): SELECT `id`, `access_token`, `expires_in`, `refresh_token`, `refresh_token_expires_in`, `token_type`, `scope`, `createdAt`, `updatedAt` FROM `wxtokens` AS `wxtokens` WHERE `wxtokens`.`id` = 1;",
  "timestamp": "Oct-20-2025 09:58:13"
}
{
  "level": "info",
  "message": "No Existing WX token found, updating / creating first one..",
  "timestamp": "Oct-20-2025 09:58:14"
}
{
  "level": "debug",
  "message": "lacts.db - Executing (default): INSERT INTO `wxtokens` (`id`,`access_token`,`expires_in`,`refresh_token`,`refresh_token_expires_in`,`token_type`,`scope`,`createdAt`,`updatedAt`) VALUES ($1,$2,$3,$4,$5,$6,$7,$8,$9) ON CONFLICT (`id`) DO UPDATE SET `id`=EXCLUDED.`id`,`access_token`=EXCLUDED.`access_token`,`expires_in`=EXCLUDED.`expires_in`,`refresh_token`=EXCLUDED.`refresh_token`,`refresh_token_expires_in`=EXCLUDED.`refresh_token_expires_in`,`token_type`=EXCLUDED.`token_type`,`scope`=EXCLUDED.`scope`,`updatedAt`=EXCLUDED.`updatedAt`;",
  "timestamp": "Oct-20-2025 09:58:14"
}
{
  "level": "debug",
  "message": "Created new WX token DB record: [{\"id\":1,\"access_token\":\"YWNmNDg3OTUtMTk0Zi00MmE2LTljMDEtNDBlNTM1ZjA0ODdhNTRkYWU5YmItZGRh_PF84_4f25a9a0-32e6-445f-b347-d920b9b857be\",\"expires_in\":1209599,\"refresh_token\":\"R2E1NzA0NjktYWNjZi00NTMwLWFhODQtNzgwM2VkZmNjY2RkMzQ1ZWI1Y2ItNmNi_PF84_4f25a9a0-32e6-445f-b347-d920b9b857be\",\"refresh_token_expires_in\":7715967,\"token_type\":\"Bearer\",\"scope\":\"cjp:config_write cjp:config_read\"},null]",
  "timestamp": "Oct-20-2025 09:58:14"
}
{
  "level": "info",
  "message": "Server starting",
  "timestamp": "Oct-20-2025 10:11:23"
}
{
  "level": "info",
  "message": "LOG_LEVEL -debug",
  "timestamp": "Oct-20-2025 10:11:23"
}
{
  "level": "info",
  "message": "WEBHOOK_URL -https://zjwalsh-vmware.tail4794a2.ts.net/webhook/webhook",
  "timestamp": "Oct-20-2025 10:11:23"
}
{
  "level": "info",
  "message": "WXCLIENT_ID -C2dee08fe0c3cdfb22000cedd22a99e24fa1120d948416d67ee49b2f889e69d2c",
  "timestamp": "Oct-20-2025 10:11:23"
}
{
  "level": "info",
  "message": "WXCLIENT_ORGID -4f25a9a0-32e6-445f-b347-d920b9b857be",
  "timestamp": "Oct-20-2025 10:11:23"
}
{
  "level": "info",
  "message": "WXCLIENT_SECRET -c0ce4cc51127444b90ac2f9a908a860f60b528bb86a08c7b721bccb301a0ff22",
  "timestamp": "Oct-20-2025 10:11:23"
}
{
  "level": "debug",
  "message": "Delete all records in WX Token database.",
  "timestamp": "Oct-20-2025 10:11:23"
}
{
  "level": "debug",
  "message": "Delete all records in caltokens.",
  "timestamp": "Oct-20-2025 10:11:23"
}
{
  "level": "debug",
  "message": "Trying request for WX Token with params: {\"grant_type\":\"refresh_token\",\"client_id\":\"C2dee08fe0c3cdfb22000cedd22a99e24fa1120d948416d67ee49b2f889e69d2c\",\"client_secret\":\"c0ce4cc51127444b90ac2f9a908a860f60b528bb86a08c7b721bccb301a0ff22\",\"refresh_token\":\"R2E1NzA0NjktYWNjZi00NTMwLWFhODQtNzgwM2VkZmNjY2RkMzQ1ZWI1Y2ItNmNi_PF84_4f25a9a0-32e6-445f-b347-d920b9b857be\"}",
  "timestamp": "Oct-20-2025 10:11:23"
}
{
  "level": "debug",
  "message": "Trying CA token request with params: {\"client_id\":\"5KLMJtqxDnthworg\",\"client_secret\":\";L/89v(NA*uUS?Mq/>f\",\"scope\":\"TeleSig_19\"}",
  "timestamp": "Oct-20-2025 10:11:23"
}
{
  "level": "debug",
  "message": "Find all Subscription  ",
  "timestamp": "Oct-20-2025 10:11:23"
}
{
  "level": "debug",
  "message": "✓ Serving static build files from: /home/zjwalsh/Projects/TSMiddleware/server/public/build",
  "timestamp": "Oct-20-2025 10:11:23"
}
{
  "level": "debug",
  "message": "✓ Exposed /tsforms-widget.bundle.js -> /home/zjwalsh/Projects/TSMiddleware/server/public/build/static/js/main.065748c6.js",
  "timestamp": "Oct-20-2025 10:11:23"
}
{
  "level": "debug",
  "message": "\n🚀 TSForms server running on port 8443",
  "timestamp": "Oct-20-2025 10:11:23"
}
{
  "level": "debug",
  "message": "📡 API: http://localhost:8443/telephonic-signature/api",
  "timestamp": "Oct-20-2025 10:11:23"
}
{
  "level": "debug",
  "message": "✓ PRODUCTION mode - serving React app at http://localhost:8443",
  "timestamp": "Oct-20-2025 10:11:23"
}
{
  "level": "debug",
  "message": "lacts.db - Executing (default): DELETE FROM `caltokens`",
  "timestamp": "Oct-20-2025 10:11:23"
}
{
  "level": "debug",
  "message": "lacts.db - Executing (default): SELECT name FROM sqlite_master WHERE type='table' AND name='wxtokens';",
  "timestamp": "Oct-20-2025 10:11:23"
}
{
  "level": "debug",
  "message": "lacts.db - Executing (default): SELECT `id`, `name`, `description`, `evenTypes`, `destinationUrl`, `status`, `createdBy`, `createdTime`, `createdAt`, `updatedAt` FROM `subscriptions` AS `subscriptions` LIMIT 1;",
  "timestamp": "Oct-20-2025 10:11:23"
}
{
  "level": "debug",
  "message": "lacts.db - Executing (default): DELETE FROM `wxtokens`",
  "timestamp": "Oct-20-2025 10:11:23"
}
{
  "level": "debug",
  "message": "lacts.db - Executing (default): PRAGMA INDEX_LIST(`wxtokens`)",
  "timestamp": "Oct-20-2025 10:11:23"
}
{
  "level": "debug",
  "message": "Error trying to find Subscriptions - Cannot read properties of undefined (reading 'dataValues')",
  "timestamp": "Oct-20-2025 10:11:23"
}
{
  "level": "info",
  "message": "Initializing the Scheduler..",
  "timestamp": "Oct-20-2025 10:11:23"
}
{
  "level": "info",
  "message": "Initializing the Scheduler - job_getWXRefreshToken",
  "timestamp": "Oct-20-2025 10:11:23"
}
{
  "level": "info",
  "message": "Initializing the Scheduler - job_getCAAccessToken",
  "timestamp": "Oct-20-2025 10:11:23"
}
{
  "level": "debug",
  "message": "lacts.db - Executing (default): PRAGMA INDEX_INFO(`sqlite_autoindex_wxtokens_1`)",
  "timestamp": "Oct-20-2025 10:11:23"
}
{
  "level": "debug",
  "message": "lacts.db - Executing (default): SELECT name FROM sqlite_master WHERE type='table' AND name='caltokens';",
  "timestamp": "Oct-20-2025 10:11:23"
}
{
  "level": "debug",
  "message": "lacts.db - Executing (default): PRAGMA INDEX_LIST(`caltokens`)",
  "timestamp": "Oct-20-2025 10:11:23"
}
{
  "level": "debug",
  "message": "lacts.db - Executing (default): SELECT name FROM sqlite_master WHERE type='table' AND name='subscriptions';",
  "timestamp": "Oct-20-2025 10:11:23"
}
{
  "level": "debug",
  "message": "lacts.db - Executing (default): PRAGMA INDEX_LIST(`subscriptions`)",
  "timestamp": "Oct-20-2025 10:11:23"
}
{
  "level": "debug",
  "message": "lacts.db - Executing (default): PRAGMA INDEX_INFO(`sqlite_autoindex_subscriptions_1`)",
  "timestamp": "Oct-20-2025 10:11:23"
}
{
  "level": "debug",
  "message": "lacts.db - Executing (default): SELECT name FROM sqlite_master WHERE type='table' AND name='wxAgents';",
  "timestamp": "Oct-20-2025 10:11:23"
}
{
  "level": "debug",
  "message": "lacts.db - Executing (default): PRAGMA INDEX_LIST(`wxAgents`)",
  "timestamp": "Oct-20-2025 10:11:23"
}
{
  "level": "debug",
  "message": "lacts.db - Executing (default): PRAGMA INDEX_INFO(`sqlite_autoindex_wxAgents_1`)",
  "timestamp": "Oct-20-2025 10:11:23"
}
{
  "level": "info",
  "message": "DB Connected!",
  "timestamp": "Oct-20-2025 10:11:23"
}
{
  "level": "info",
  "message": "Storing in CA token database: {\"access_token\":\"_m6Jgn7TYMwNfZ0bSe9Coci8oR0\",\"scope\":\"TeleSig_19\",\"token_type\":\"Bearer\",\"expires_in\":1229}",
  "timestamp": "Oct-20-2025 10:11:23"
}
{
  "level": "debug",
  "message": "lacts.db - Executing (default): SELECT `id`, `access_token`, `scope`, `token_type`, `expires_in`, `createdAt`, `updatedAt` FROM `caltokens` AS `caltokens` WHERE `caltokens`.`id` = 1;",
  "timestamp": "Oct-20-2025 10:11:23"
}
{
  "level": "info",
  "message": "No Existing token found in CA Database, updating / creating first one..",
  "timestamp": "Oct-20-2025 10:11:23"
}
{
  "level": "debug",
  "message": "lacts.db - Executing (default): INSERT INTO `caltokens` (`id`,`access_token`,`scope`,`token_type`,`expires_in`,`createdAt`,`updatedAt`) VALUES ($1,$2,$3,$4,$5,$6,$7) ON CONFLICT (`id`) DO UPDATE SET `id`=EXCLUDED.`id`,`access_token`=EXCLUDED.`access_token`,`scope`=EXCLUDED.`scope`,`expires_in`=EXCLUDED.`expires_in`,`token_type`=EXCLUDED.`token_type`,`updatedAt`=EXCLUDED.`updatedAt`;",
  "timestamp": "Oct-20-2025 10:11:23"
}
{
  "level": "debug",
  "message": "Created new CA DB record: [{\"id\":1,\"access_token\":\"_m6Jgn7TYMwNfZ0bSe9Coci8oR0\",\"scope\":\"TeleSig_19\",\"expires_in\":1229,\"token_type\":\"Bearer\"},null]",
  "timestamp": "Oct-20-2025 10:11:23"
}
{
  "level": "info",
  "message": "Storing in WX token database: {\"access_token\":\"ZGI2OWZkZmItMWMwZi00MGViLTk1YjAtNzUyOWNhOGI4NTVlZmU5MTlkNmEtYTUx_PF84_4f25a9a0-32e6-445f-b347-d920b9b857be\",\"expires_in\":1209599,\"refresh_token\":\"R2E1NzA0NjktYWNjZi00NTMwLWFhODQtNzgwM2VkZmNjY2RkMzQ1ZWI1Y2ItNmNi_PF84_4f25a9a0-32e6-445f-b347-d920b9b857be\",\"refresh_token_expires_in\":7715177,\"token_type\":\"Bearer\",\"scope\":\"cjp:config_write cjp:config_read\"}",
  "timestamp": "Oct-20-2025 10:11:23"
}
{
  "level": "debug",
  "message": "lacts.db - Executing (default): SELECT `id`, `access_token`, `expires_in`, `refresh_token`, `refresh_token_expires_in`, `token_type`, `scope`, `createdAt`, `updatedAt` FROM `wxtokens` AS `wxtokens` WHERE `wxtokens`.`id` = 1;",
  "timestamp": "Oct-20-2025 10:11:23"
}
{
  "level": "info",
  "message": "No Existing WX token found, updating / creating first one..",
  "timestamp": "Oct-20-2025 10:11:23"
}
{
  "level": "debug",
  "message": "lacts.db - Executing (default): INSERT INTO `wxtokens` (`id`,`access_token`,`expires_in`,`refresh_token`,`refresh_token_expires_in`,`token_type`,`scope`,`createdAt`,`updatedAt`) VALUES ($1,$2,$3,$4,$5,$6,$7,$8,$9) ON CONFLICT (`id`) DO UPDATE SET `id`=EXCLUDED.`id`,`access_token`=EXCLUDED.`access_token`,`expires_in`=EXCLUDED.`expires_in`,`refresh_token`=EXCLUDED.`refresh_token`,`refresh_token_expires_in`=EXCLUDED.`refresh_token_expires_in`,`token_type`=EXCLUDED.`token_type`,`scope`=EXCLUDED.`scope`,`updatedAt`=EXCLUDED.`updatedAt`;",
  "timestamp": "Oct-20-2025 10:11:23"
}
{
  "level": "debug",
  "message": "Created new WX token DB record: [{\"id\":1,\"access_token\":\"ZGI2OWZkZmItMWMwZi00MGViLTk1YjAtNzUyOWNhOGI4NTVlZmU5MTlkNmEtYTUx_PF84_4f25a9a0-32e6-445f-b347-d920b9b857be\",\"expires_in\":1209599,\"refresh_token\":\"R2E1NzA0NjktYWNjZi00NTMwLWFhODQtNzgwM2VkZmNjY2RkMzQ1ZWI1Y2ItNmNi_PF84_4f25a9a0-32e6-445f-b347-d920b9b857be\",\"refresh_token_expires_in\":7715177,\"token_type\":\"Bearer\",\"scope\":\"cjp:config_write cjp:config_read\"},null]",
  "timestamp": "Oct-20-2025 10:11:23"
}
{
  "level": "info",
  "message": "Server starting",
  "timestamp": "Oct-20-2025 10:15:43"
}
{
  "level": "info",
  "message": "LOG_LEVEL -debug",
  "timestamp": "Oct-20-2025 10:15:43"
}
{
  "level": "info",
  "message": "WEBHOOK_URL -https://zjwalsh-vmware.tail4794a2.ts.net/webhook/webhook",
  "timestamp": "Oct-20-2025 10:15:43"
}
{
  "level": "info",
  "message": "WXCLIENT_ID -C2dee08fe0c3cdfb22000cedd22a99e24fa1120d948416d67ee49b2f889e69d2c",
  "timestamp": "Oct-20-2025 10:15:43"
}
{
  "level": "info",
  "message": "WXCLIENT_ORGID -4f25a9a0-32e6-445f-b347-d920b9b857be",
  "timestamp": "Oct-20-2025 10:15:43"
}
{
  "level": "info",
  "message": "WXCLIENT_SECRET -c0ce4cc51127444b90ac2f9a908a860f60b528bb86a08c7b721bccb301a0ff22",
  "timestamp": "Oct-20-2025 10:15:43"
}
{
  "level": "debug",
  "message": "Delete all records in WX Token database.",
  "timestamp": "Oct-20-2025 10:15:43"
}
{
  "level": "debug",
  "message": "Delete all records in caltokens.",
  "timestamp": "Oct-20-2025 10:15:43"
}
{
  "level": "debug",
  "message": "Trying request for WX Token with params: {\"grant_type\":\"refresh_token\",\"client_id\":\"C2dee08fe0c3cdfb22000cedd22a99e24fa1120d948416d67ee49b2f889e69d2c\",\"client_secret\":\"c0ce4cc51127444b90ac2f9a908a860f60b528bb86a08c7b721bccb301a0ff22\",\"refresh_token\":\"R2E1NzA0NjktYWNjZi00NTMwLWFhODQtNzgwM2VkZmNjY2RkMzQ1ZWI1Y2ItNmNi_PF84_4f25a9a0-32e6-445f-b347-d920b9b857be\"}",
  "timestamp": "Oct-20-2025 10:15:43"
}
{
  "level": "debug",
  "message": "Trying CA token request with params: {\"client_id\":\"5KLMJtqxDnthworg\",\"client_secret\":\";L/89v(NA*uUS?Mq/>f\",\"scope\":\"TeleSig_19\"}",
  "timestamp": "Oct-20-2025 10:15:43"
}
{
  "level": "debug",
  "message": "Find all Subscription  ",
  "timestamp": "Oct-20-2025 10:15:43"
}
{
  "level": "debug",
  "message": "✓ Serving static build files from: /home/zjwalsh/Projects/TSMiddleware/server/public/build",
  "timestamp": "Oct-20-2025 10:15:43"
}
{
  "level": "debug",
  "message": "✓ Exposed /tsforms-widget.bundle.js -> /home/zjwalsh/Projects/TSMiddleware/server/public/build/static/js/main.6e6ceb81.js",
  "timestamp": "Oct-20-2025 10:15:43"
}
{
  "level": "debug",
  "message": "\n🚀 TSForms server running on port 8443",
  "timestamp": "Oct-20-2025 10:15:43"
}
{
  "level": "debug",
  "message": "📡 API: http://localhost:8443/telephonic-signature/api",
  "timestamp": "Oct-20-2025 10:15:43"
}
{
  "level": "debug",
  "message": "✓ PRODUCTION mode - serving React app at http://localhost:8443",
  "timestamp": "Oct-20-2025 10:15:43"
}
{
  "level": "debug",
  "message": "lacts.db - Executing (default): DELETE FROM `caltokens`",
  "timestamp": "Oct-20-2025 10:15:43"
}
{
  "level": "debug",
  "message": "lacts.db - Executing (default): SELECT name FROM sqlite_master WHERE type='table' AND name='wxtokens';",
  "timestamp": "Oct-20-2025 10:15:43"
}
{
  "level": "debug",
  "message": "lacts.db - Executing (default): SELECT `id`, `name`, `description`, `evenTypes`, `destinationUrl`, `status`, `createdBy`, `createdTime`, `createdAt`, `updatedAt` FROM `subscriptions` AS `subscriptions` LIMIT 1;",
  "timestamp": "Oct-20-2025 10:15:43"
}
{
  "level": "debug",
  "message": "lacts.db - Executing (default): DELETE FROM `wxtokens`",
  "timestamp": "Oct-20-2025 10:15:43"
}
{
  "level": "debug",
  "message": "lacts.db - Executing (default): PRAGMA INDEX_LIST(`wxtokens`)",
  "timestamp": "Oct-20-2025 10:15:43"
}
{
  "level": "debug",
  "message": "Error trying to find Subscriptions - Cannot read properties of undefined (reading 'dataValues')",
  "timestamp": "Oct-20-2025 10:15:43"
}
{
  "level": "info",
  "message": "Initializing the Scheduler..",
  "timestamp": "Oct-20-2025 10:15:43"
}
{
  "level": "info",
  "message": "Initializing the Scheduler - job_getWXRefreshToken",
  "timestamp": "Oct-20-2025 10:15:43"
}
{
  "level": "info",
  "message": "Initializing the Scheduler - job_getCAAccessToken",
  "timestamp": "Oct-20-2025 10:15:43"
}
{
  "level": "debug",
  "message": "lacts.db - Executing (default): PRAGMA INDEX_INFO(`sqlite_autoindex_wxtokens_1`)",
  "timestamp": "Oct-20-2025 10:15:43"
}
{
  "level": "debug",
  "message": "lacts.db - Executing (default): SELECT name FROM sqlite_master WHERE type='table' AND name='caltokens';",
  "timestamp": "Oct-20-2025 10:15:43"
}
{
  "level": "debug",
  "message": "lacts.db - Executing (default): PRAGMA INDEX_LIST(`caltokens`)",
  "timestamp": "Oct-20-2025 10:15:43"
}
{
  "level": "debug",
  "message": "lacts.db - Executing (default): SELECT name FROM sqlite_master WHERE type='table' AND name='subscriptions';",
  "timestamp": "Oct-20-2025 10:15:43"
}
{
  "level": "debug",
  "message": "lacts.db - Executing (default): PRAGMA INDEX_LIST(`subscriptions`)",
  "timestamp": "Oct-20-2025 10:15:43"
}
{
  "level": "debug",
  "message": "lacts.db - Executing (default): PRAGMA INDEX_INFO(`sqlite_autoindex_subscriptions_1`)",
  "timestamp": "Oct-20-2025 10:15:43"
}
{
  "level": "debug",
  "message": "lacts.db - Executing (default): SELECT name FROM sqlite_master WHERE type='table' AND name='wxAgents';",
  "timestamp": "Oct-20-2025 10:15:43"
}
{
  "level": "debug",
  "message": "lacts.db - Executing (default): PRAGMA INDEX_LIST(`wxAgents`)",
  "timestamp": "Oct-20-2025 10:15:43"
}
{
  "level": "debug",
  "message": "lacts.db - Executing (default): PRAGMA INDEX_INFO(`sqlite_autoindex_wxAgents_1`)",
  "timestamp": "Oct-20-2025 10:15:43"
}
{
  "level": "info",
  "message": "DB Connected!",
  "timestamp": "Oct-20-2025 10:15:43"
}
{
  "level": "info",
  "message": "Storing in CA token database: {\"access_token\":\"B3osFIUkB-iHWPnojHEnAeOY78U\",\"scope\":\"TeleSig_19\",\"token_type\":\"Bearer\",\"expires_in\":1229}",
  "timestamp": "Oct-20-2025 10:15:43"
}
{
  "level": "debug",
  "message": "lacts.db - Executing (default): SELECT `id`, `access_token`, `scope`, `token_type`, `expires_in`, `createdAt`, `updatedAt` FROM `caltokens` AS `caltokens` WHERE `caltokens`.`id` = 1;",
  "timestamp": "Oct-20-2025 10:15:43"
}
{
  "level": "info",
  "message": "No Existing token found in CA Database, updating / creating first one..",
  "timestamp": "Oct-20-2025 10:15:43"
}
{
  "level": "debug",
  "message": "lacts.db - Executing (default): INSERT INTO `caltokens` (`id`,`access_token`,`scope`,`token_type`,`expires_in`,`createdAt`,`updatedAt`) VALUES ($1,$2,$3,$4,$5,$6,$7) ON CONFLICT (`id`) DO UPDATE SET `id`=EXCLUDED.`id`,`access_token`=EXCLUDED.`access_token`,`scope`=EXCLUDED.`scope`,`expires_in`=EXCLUDED.`expires_in`,`token_type`=EXCLUDED.`token_type`,`updatedAt`=EXCLUDED.`updatedAt`;",
  "timestamp": "Oct-20-2025 10:15:43"
}
{
  "level": "debug",
  "message": "Created new CA DB record: [{\"id\":1,\"access_token\":\"B3osFIUkB-iHWPnojHEnAeOY78U\",\"scope\":\"TeleSig_19\",\"expires_in\":1229,\"token_type\":\"Bearer\"},null]",
  "timestamp": "Oct-20-2025 10:15:43"
}
{
  "level": "info",
  "message": "Storing in WX token database: {\"access_token\":\"MDkyMmZkODUtZjc2MC00ZTFjLTlkMTYtOWQ0Y2NlZmU1N2IzYWU1ZmUyOTItNTU2_PF84_4f25a9a0-32e6-445f-b347-d920b9b857be\",\"expires_in\":1209599,\"refresh_token\":\"R2E1NzA0NjktYWNjZi00NTMwLWFhODQtNzgwM2VkZmNjY2RkMzQ1ZWI1Y2ItNmNi_PF84_4f25a9a0-32e6-445f-b347-d920b9b857be\",\"refresh_token_expires_in\":7714917,\"token_type\":\"Bearer\",\"scope\":\"cjp:config_write cjp:config_read\"}",
  "timestamp": "Oct-20-2025 10:15:43"
}
{
  "level": "debug",
  "message": "lacts.db - Executing (default): SELECT `id`, `access_token`, `expires_in`, `refresh_token`, `refresh_token_expires_in`, `token_type`, `scope`, `createdAt`, `updatedAt` FROM `wxtokens` AS `wxtokens` WHERE `wxtokens`.`id` = 1;",
  "timestamp": "Oct-20-2025 10:15:43"
}
{
  "level": "info",
  "message": "No Existing WX token found, updating / creating first one..",
  "timestamp": "Oct-20-2025 10:15:43"
}
{
  "level": "debug",
  "message": "lacts.db - Executing (default): INSERT INTO `wxtokens` (`id`,`access_token`,`expires_in`,`refresh_token`,`refresh_token_expires_in`,`token_type`,`scope`,`createdAt`,`updatedAt`) VALUES ($1,$2,$3,$4,$5,$6,$7,$8,$9) ON CONFLICT (`id`) DO UPDATE SET `id`=EXCLUDED.`id`,`access_token`=EXCLUDED.`access_token`,`expires_in`=EXCLUDED.`expires_in`,`refresh_token`=EXCLUDED.`refresh_token`,`refresh_token_expires_in`=EXCLUDED.`refresh_token_expires_in`,`token_type`=EXCLUDED.`token_type`,`scope`=EXCLUDED.`scope`,`updatedAt`=EXCLUDED.`updatedAt`;",
  "timestamp": "Oct-20-2025 10:15:43"
}
{
  "level": "debug",
  "message": "Created new WX token DB record: [{\"id\":1,\"access_token\":\"MDkyMmZkODUtZjc2MC00ZTFjLTlkMTYtOWQ0Y2NlZmU1N2IzYWU1ZmUyOTItNTU2_PF84_4f25a9a0-32e6-445f-b347-d920b9b857be\",\"expires_in\":1209599,\"refresh_token\":\"R2E1NzA0NjktYWNjZi00NTMwLWFhODQtNzgwM2VkZmNjY2RkMzQ1ZWI1Y2ItNmNi_PF84_4f25a9a0-32e6-445f-b347-d920b9b857be\",\"refresh_token_expires_in\":7714917,\"token_type\":\"Bearer\",\"scope\":\"cjp:config_write cjp:config_read\"},null]",
  "timestamp": "Oct-20-2025 10:15:43"
}
{
  "level": "info",
  "message": "Server starting",
  "timestamp": "Oct-20-2025 10:30:16"
}
{
  "level": "info",
  "message": "LOG_LEVEL -debug",
  "timestamp": "Oct-20-2025 10:30:16"
}
{
  "level": "info",
  "message": "WEBHOOK_URL -https://zjwalsh-vmware.tail4794a2.ts.net/webhook/webhook",
  "timestamp": "Oct-20-2025 10:30:16"
}
{
  "level": "info",
  "message": "WXCLIENT_ID -C2dee08fe0c3cdfb22000cedd22a99e24fa1120d948416d67ee49b2f889e69d2c",
  "timestamp": "Oct-20-2025 10:30:16"
}
{
  "level": "info",
  "message": "WXCLIENT_ORGID -4f25a9a0-32e6-445f-b347-d920b9b857be",
  "timestamp": "Oct-20-2025 10:30:16"
}
{
  "level": "info",
  "message": "WXCLIENT_SECRET -c0ce4cc51127444b90ac2f9a908a860f60b528bb86a08c7b721bccb301a0ff22",
  "timestamp": "Oct-20-2025 10:30:16"
}
{
  "level": "debug",
  "message": "Delete all records in WX Token database.",
  "timestamp": "Oct-20-2025 10:30:16"
}
{
  "level": "debug",
  "message": "Delete all records in caltokens.",
  "timestamp": "Oct-20-2025 10:30:16"
}
{
  "level": "debug",
  "message": "Trying request for WX Token with params: {\"grant_type\":\"refresh_token\",\"client_id\":\"C2dee08fe0c3cdfb22000cedd22a99e24fa1120d948416d67ee49b2f889e69d2c\",\"client_secret\":\"c0ce4cc51127444b90ac2f9a908a860f60b528bb86a08c7b721bccb301a0ff22\",\"refresh_token\":\"R2E1NzA0NjktYWNjZi00NTMwLWFhODQtNzgwM2VkZmNjY2RkMzQ1ZWI1Y2ItNmNi_PF84_4f25a9a0-32e6-445f-b347-d920b9b857be\"}",
  "timestamp": "Oct-20-2025 10:30:16"
}
{
  "level": "debug",
  "message": "Trying CA token request with params: {\"client_id\":\"5KLMJtqxDnthworg\",\"client_secret\":\";L/89v(NA*uUS?Mq/>f\",\"scope\":\"TeleSig_19\"}",
  "timestamp": "Oct-20-2025 10:30:16"
}
{
  "level": "debug",
  "message": "Find all Subscription  ",
  "timestamp": "Oct-20-2025 10:30:16"
}
{
  "level": "debug",
  "message": "✓ Exposed /tsforms-widget.styles.css -> /home/zjwalsh/Projects/TSMiddleware/server/public/build/static/css/main.cf5ef236.css",
  "timestamp": "Oct-20-2025 10:30:16"
}
{
  "level": "debug",
  "message": "✓ Exposed /tsforms-widget.bundle.js -> /home/zjwalsh/Projects/TSMiddleware/server/public/build/static/js/main.6e6ceb81.js",
  "timestamp": "Oct-20-2025 10:30:16"
}
{
  "level": "debug",
  "message": "✓ Serving static build files from: /home/zjwalsh/Projects/TSMiddleware/server/public/build",
  "timestamp": "Oct-20-2025 10:30:16"
}
{
  "level": "debug",
  "message": "\n🚀 TSForms server running on port 8443",
  "timestamp": "Oct-20-2025 10:30:16"
}
{
  "level": "debug",
  "message": "📡 API: http://localhost:8443/telephonic-signature/api",
  "timestamp": "Oct-20-2025 10:30:16"
}
{
  "level": "debug",
  "message": "✓ PRODUCTION mode - serving React app at http://localhost:8443",
  "timestamp": "Oct-20-2025 10:30:16"
}
{
  "level": "debug",
  "message": "lacts.db - Executing (default): DELETE FROM `caltokens`",
  "timestamp": "Oct-20-2025 10:30:16"
}
{
  "level": "debug",
  "message": "lacts.db - Executing (default): SELECT name FROM sqlite_master WHERE type='table' AND name='wxtokens';",
  "timestamp": "Oct-20-2025 10:30:16"
}
{
  "level": "debug",
  "message": "lacts.db - Executing (default): SELECT `id`, `name`, `description`, `evenTypes`, `destinationUrl`, `status`, `createdBy`, `createdTime`, `createdAt`, `updatedAt` FROM `subscriptions` AS `subscriptions` LIMIT 1;",
  "timestamp": "Oct-20-2025 10:30:16"
}
{
  "level": "debug",
  "message": "lacts.db - Executing (default): DELETE FROM `wxtokens`",
  "timestamp": "Oct-20-2025 10:30:16"
}
{
  "level": "debug",
  "message": "lacts.db - Executing (default): PRAGMA INDEX_LIST(`wxtokens`)",
  "timestamp": "Oct-20-2025 10:30:16"
}
{
  "level": "debug",
  "message": "Error trying to find Subscriptions - Cannot read properties of undefined (reading 'dataValues')",
  "timestamp": "Oct-20-2025 10:30:16"
}
{
  "level": "info",
  "message": "Initializing the Scheduler..",
  "timestamp": "Oct-20-2025 10:30:16"
}
{
  "level": "info",
  "message": "Initializing the Scheduler - job_getWXRefreshToken",
  "timestamp": "Oct-20-2025 10:30:16"
}
{
  "level": "info",
  "message": "Initializing the Scheduler - job_getCAAccessToken",
  "timestamp": "Oct-20-2025 10:30:16"
}
{
  "level": "debug",
  "message": "lacts.db - Executing (default): PRAGMA INDEX_INFO(`sqlite_autoindex_wxtokens_1`)",
  "timestamp": "Oct-20-2025 10:30:16"
}
{
  "level": "debug",
  "message": "lacts.db - Executing (default): SELECT name FROM sqlite_master WHERE type='table' AND name='caltokens';",
  "timestamp": "Oct-20-2025 10:30:16"
}
{
  "level": "debug",
  "message": "lacts.db - Executing (default): PRAGMA INDEX_LIST(`caltokens`)",
  "timestamp": "Oct-20-2025 10:30:16"
}
{
  "level": "debug",
  "message": "lacts.db - Executing (default): SELECT name FROM sqlite_master WHERE type='table' AND name='subscriptions';",
  "timestamp": "Oct-20-2025 10:30:16"
}
{
  "level": "debug",
  "message": "lacts.db - Executing (default): PRAGMA INDEX_LIST(`subscriptions`)",
  "timestamp": "Oct-20-2025 10:30:16"
}
{
  "level": "debug",
  "message": "lacts.db - Executing (default): PRAGMA INDEX_INFO(`sqlite_autoindex_subscriptions_1`)",
  "timestamp": "Oct-20-2025 10:30:16"
}
{
  "level": "debug",
  "message": "lacts.db - Executing (default): SELECT name FROM sqlite_master WHERE type='table' AND name='wxAgents';",
  "timestamp": "Oct-20-2025 10:30:16"
}
{
  "level": "debug",
  "message": "lacts.db - Executing (default): PRAGMA INDEX_LIST(`wxAgents`)",
  "timestamp": "Oct-20-2025 10:30:16"
}
{
  "level": "debug",
  "message": "lacts.db - Executing (default): PRAGMA INDEX_INFO(`sqlite_autoindex_wxAgents_1`)",
  "timestamp": "Oct-20-2025 10:30:16"
}
{
  "level": "info",
  "message": "DB Connected!",
  "timestamp": "Oct-20-2025 10:30:16"
}
{
  "level": "info",
  "message": "Storing in CA token database: {\"access_token\":\"p9gN4MvhCVHyIHaX-Gq9L3Ze-o0\",\"scope\":\"TeleSig_19\",\"token_type\":\"Bearer\",\"expires_in\":1229}",
  "timestamp": "Oct-20-2025 10:30:16"
}
{
  "level": "debug",
  "message": "lacts.db - Executing (default): SELECT `id`, `access_token`, `scope`, `token_type`, `expires_in`, `createdAt`, `updatedAt` FROM `caltokens` AS `caltokens` WHERE `caltokens`.`id` = 1;",
  "timestamp": "Oct-20-2025 10:30:16"
}
{
  "level": "info",
  "message": "No Existing token found in CA Database, updating / creating first one..",
  "timestamp": "Oct-20-2025 10:30:16"
}
{
  "level": "debug",
  "message": "lacts.db - Executing (default): INSERT INTO `caltokens` (`id`,`access_token`,`scope`,`token_type`,`expires_in`,`createdAt`,`updatedAt`) VALUES ($1,$2,$3,$4,$5,$6,$7) ON CONFLICT (`id`) DO UPDATE SET `id`=EXCLUDED.`id`,`access_token`=EXCLUDED.`access_token`,`scope`=EXCLUDED.`scope`,`expires_in`=EXCLUDED.`expires_in`,`token_type`=EXCLUDED.`token_type`,`updatedAt`=EXCLUDED.`updatedAt`;",
  "timestamp": "Oct-20-2025 10:30:16"
}
{
  "level": "debug",
  "message": "Created new CA DB record: [{\"id\":1,\"access_token\":\"p9gN4MvhCVHyIHaX-Gq9L3Ze-o0\",\"scope\":\"TeleSig_19\",\"expires_in\":1229,\"token_type\":\"Bearer\"},null]",
  "timestamp": "Oct-20-2025 10:30:16"
}
{
  "level": "info",
  "message": "Storing in WX token database: {\"access_token\":\"ZWM3YmYxNjAtOWYyOS00ZjEwLTgwYzgtNWJjNmZmMjQ2OGQ0ZDdmYTM0OTQtNzBh_PF84_4f25a9a0-32e6-445f-b347-d920b9b857be\",\"expires_in\":1209599,\"refresh_token\":\"R2E1NzA0NjktYWNjZi00NTMwLWFhODQtNzgwM2VkZmNjY2RkMzQ1ZWI1Y2ItNmNi_PF84_4f25a9a0-32e6-445f-b347-d920b9b857be\",\"refresh_token_expires_in\":7714044,\"token_type\":\"Bearer\",\"scope\":\"cjp:config_write cjp:config_read\"}",
  "timestamp": "Oct-20-2025 10:30:17"
}
{
  "level": "debug",
  "message": "lacts.db - Executing (default): SELECT `id`, `access_token`, `expires_in`, `refresh_token`, `refresh_token_expires_in`, `token_type`, `scope`, `createdAt`, `updatedAt` FROM `wxtokens` AS `wxtokens` WHERE `wxtokens`.`id` = 1;",
  "timestamp": "Oct-20-2025 10:30:17"
}
{
  "level": "info",
  "message": "No Existing WX token found, updating / creating first one..",
  "timestamp": "Oct-20-2025 10:30:17"
}
{
  "level": "debug",
  "message": "lacts.db - Executing (default): INSERT INTO `wxtokens` (`id`,`access_token`,`expires_in`,`refresh_token`,`refresh_token_expires_in`,`token_type`,`scope`,`createdAt`,`updatedAt`) VALUES ($1,$2,$3,$4,$5,$6,$7,$8,$9) ON CONFLICT (`id`) DO UPDATE SET `id`=EXCLUDED.`id`,`access_token`=EXCLUDED.`access_token`,`expires_in`=EXCLUDED.`expires_in`,`refresh_token`=EXCLUDED.`refresh_token`,`refresh_token_expires_in`=EXCLUDED.`refresh_token_expires_in`,`token_type`=EXCLUDED.`token_type`,`scope`=EXCLUDED.`scope`,`updatedAt`=EXCLUDED.`updatedAt`;",
  "timestamp": "Oct-20-2025 10:30:17"
}
{
  "level": "debug",
  "message": "Created new WX token DB record: [{\"id\":1,\"access_token\":\"ZWM3YmYxNjAtOWYyOS00ZjEwLTgwYzgtNWJjNmZmMjQ2OGQ0ZDdmYTM0OTQtNzBh_PF84_4f25a9a0-32e6-445f-b347-d920b9b857be\",\"expires_in\":1209599,\"refresh_token\":\"R2E1NzA0NjktYWNjZi00NTMwLWFhODQtNzgwM2VkZmNjY2RkMzQ1ZWI1Y2ItNmNi_PF84_4f25a9a0-32e6-445f-b347-d920b9b857be\",\"refresh_token_expires_in\":7714044,\"token_type\":\"Bearer\",\"scope\":\"cjp:config_write cjp:config_read\"},null]",
  "timestamp": "Oct-20-2025 10:30:17"
}
{
  "level": "debug",
  "message": "Trying request for WX Token with params: {\"grant_type\":\"refresh_token\",\"client_id\":\"C2dee08fe0c3cdfb22000cedd22a99e24fa1120d948416d67ee49b2f889e69d2c\",\"client_secret\":\"c0ce4cc51127444b90ac2f9a908a860f60b528bb86a08c7b721bccb301a0ff22\",\"refresh_token\":\"R2E1NzA0NjktYWNjZi00NTMwLWFhODQtNzgwM2VkZmNjY2RkMzQ1ZWI1Y2ItNmNi_PF84_4f25a9a0-32e6-445f-b347-d920b9b857be\"}",
  "timestamp": "Oct-20-2025 10:45:16"
}
{
  "level": "debug",
  "message": "Trying CA token request with params: {\"client_id\":\"5KLMJtqxDnthworg\",\"client_secret\":\";L/89v(NA*uUS?Mq/>f\",\"scope\":\"TeleSig_19\"}",
  "timestamp": "Oct-20-2025 10:45:16"
}
{
  "level": "info",
  "message": "Storing in CA token database: {\"access_token\":\"fIz9__yc3Z5He3P-Uit9E8AKF5Y\",\"scope\":\"TeleSig_19\",\"token_type\":\"Bearer\",\"expires_in\":1229}",
  "timestamp": "Oct-20-2025 10:45:17"
}
{
  "level": "debug",
  "message": "lacts.db - Executing (default): SELECT `id`, `access_token`, `scope`, `token_type`, `expires_in`, `createdAt`, `updatedAt` FROM `caltokens` AS `caltokens` WHERE `caltokens`.`id` = 1;",
  "timestamp": "Oct-20-2025 10:45:17"
}
{
  "level": "info",
  "message": "Found existing token details in CA DB: {\"id\":1,\"access_token\":\"p9gN4MvhCVHyIHaX-Gq9L3Ze-o0\",\"scope\":\"TeleSig_19\",\"token_type\":\"Bearer\",\"expires_in\":1229,\"createdAt\":\"2025-10-20T17:30:16.980Z\",\"updatedAt\":\"2025-10-20T17:30:16.980Z\"} updating with this data:-> {\"access_token\":\"fIz9__yc3Z5He3P-Uit9E8AKF5Y\",\"scope\":\"TeleSig_19\",\"token_type\":\"Bearer\",\"expires_in\":1229}",
  "timestamp": "Oct-20-2025 10:45:17"
}
{
  "level": "debug",
  "message": "lacts.db - Executing (default): INSERT INTO `caltokens` (`id`,`access_token`,`scope`,`token_type`,`expires_in`,`createdAt`,`updatedAt`) VALUES ($1,$2,$3,$4,$5,$6,$7) ON CONFLICT (`id`) DO UPDATE SET `id`=EXCLUDED.`id`,`access_token`=EXCLUDED.`access_token`,`scope`=EXCLUDED.`scope`,`expires_in`=EXCLUDED.`expires_in`,`token_type`=EXCLUDED.`token_type`,`updatedAt`=EXCLUDED.`updatedAt`;",
  "timestamp": "Oct-20-2025 10:45:17"
}
{
  "level": "debug",
  "message": "Created new CA DB record: [{\"id\":1,\"access_token\":\"fIz9__yc3Z5He3P-Uit9E8AKF5Y\",\"scope\":\"TeleSig_19\",\"expires_in\":1229,\"token_type\":\"Bearer\"},null]",
  "timestamp": "Oct-20-2025 10:45:17"
}
{
  "level": "info",
  "message": "Storing in WX token database: {\"access_token\":\"OTJjMjRlMTMtNjA3MS00MjQ4LWEyZTItMmJlNjU1ODM0NzdhMzk0OTYxNGEtM2Uz_PF84_4f25a9a0-32e6-445f-b347-d920b9b857be\",\"expires_in\":1209599,\"refresh_token\":\"R2E1NzA0NjktYWNjZi00NTMwLWFhODQtNzgwM2VkZmNjY2RkMzQ1ZWI1Y2ItNmNi_PF84_4f25a9a0-32e6-445f-b347-d920b9b857be\",\"refresh_token_expires_in\":7713144,\"token_type\":\"Bearer\",\"scope\":\"cjp:config_write cjp:config_read\"}",
  "timestamp": "Oct-20-2025 10:45:17"
}
{
  "level": "debug",
  "message": "lacts.db - Executing (default): SELECT `id`, `access_token`, `expires_in`, `refresh_token`, `refresh_token_expires_in`, `token_type`, `scope`, `createdAt`, `updatedAt` FROM `wxtokens` AS `wxtokens` WHERE `wxtokens`.`id` = 1;",
  "timestamp": "Oct-20-2025 10:45:17"
}
{
  "level": "info",
  "message": "Found existing token details in WX DB: {\"id\":\"1\",\"access_token\":\"ZWM3YmYxNjAtOWYyOS00ZjEwLTgwYzgtNWJjNmZmMjQ2OGQ0ZDdmYTM0OTQtNzBh_PF84_4f25a9a0-32e6-445f-b347-d920b9b857be\",\"expires_in\":1209599,\"refresh_token\":\"R2E1NzA0NjktYWNjZi00NTMwLWFhODQtNzgwM2VkZmNjY2RkMzQ1ZWI1Y2ItNmNi_PF84_4f25a9a0-32e6-445f-b347-d920b9b857be\",\"refresh_token_expires_in\":7714044,\"token_type\":\"Bearer\",\"scope\":\"cjp:config_write cjp:config_read\",\"createdAt\":\"2025-10-20T17:30:17.065Z\",\"updatedAt\":\"2025-10-20T17:30:17.065Z\"} updating with this data:-> {\"access_token\":\"OTJjMjRlMTMtNjA3MS00MjQ4LWEyZTItMmJlNjU1ODM0NzdhMzk0OTYxNGEtM2Uz_PF84_4f25a9a0-32e6-445f-b347-d920b9b857be\",\"expires_in\":1209599,\"refresh_token\":\"R2E1NzA0NjktYWNjZi00NTMwLWFhODQtNzgwM2VkZmNjY2RkMzQ1ZWI1Y2ItNmNi_PF84_4f25a9a0-32e6-445f-b347-d920b9b857be\",\"refresh_token_expires_in\":7713144,\"token_type\":\"Bearer\",\"scope\":\"cjp:config_write cjp:config_read\"}",
  "timestamp": "Oct-20-2025 10:45:17"
}
{
  "level": "debug",
  "message": "lacts.db - Executing (default): INSERT INTO `wxtokens` (`id`,`access_token`,`expires_in`,`refresh_token`,`refresh_token_expires_in`,`token_type`,`scope`,`createdAt`,`updatedAt`) VALUES ($1,$2,$3,$4,$5,$6,$7,$8,$9) ON CONFLICT (`id`) DO UPDATE SET `id`=EXCLUDED.`id`,`access_token`=EXCLUDED.`access_token`,`expires_in`=EXCLUDED.`expires_in`,`refresh_token`=EXCLUDED.`refresh_token`,`refresh_token_expires_in`=EXCLUDED.`refresh_token_expires_in`,`token_type`=EXCLUDED.`token_type`,`scope`=EXCLUDED.`scope`,`updatedAt`=EXCLUDED.`updatedAt`;",
  "timestamp": "Oct-20-2025 10:45:17"
}
{
  "level": "debug",
  "message": "Created new WX token DB record: [{\"id\":1,\"access_token\":\"OTJjMjRlMTMtNjA3MS00MjQ4LWEyZTItMmJlNjU1ODM0NzdhMzk0OTYxNGEtM2Uz_PF84_4f25a9a0-32e6-445f-b347-d920b9b857be\",\"expires_in\":1209599,\"refresh_token\":\"R2E1NzA0NjktYWNjZi00NTMwLWFhODQtNzgwM2VkZmNjY2RkMzQ1ZWI1Y2ItNmNi_PF84_4f25a9a0-32e6-445f-b347-d920b9b857be\",\"refresh_token_expires_in\":7713144,\"token_type\":\"Bearer\",\"scope\":\"cjp:config_write cjp:config_read\"},null]",
  "timestamp": "Oct-20-2025 10:45:17"
}
{
  "level": "debug",
  "message": "Trying request for WX Token with params: {\"grant_type\":\"refresh_token\",\"client_id\":\"C2dee08fe0c3cdfb22000cedd22a99e24fa1120d948416d67ee49b2f889e69d2c\",\"client_secret\":\"c0ce4cc51127444b90ac2f9a908a860f60b528bb86a08c7b721bccb301a0ff22\",\"refresh_token\":\"R2E1NzA0NjktYWNjZi00NTMwLWFhODQtNzgwM2VkZmNjY2RkMzQ1ZWI1Y2ItNmNi_PF84_4f25a9a0-32e6-445f-b347-d920b9b857be\"}",
  "timestamp": "Oct-20-2025 11:00:16"
}
{
  "level": "debug",
  "message": "Trying CA token request with params: {\"client_id\":\"5KLMJtqxDnthworg\",\"client_secret\":\";L/89v(NA*uUS?Mq/>f\",\"scope\":\"TeleSig_19\"}",
  "timestamp": "Oct-20-2025 11:00:16"
}
{
  "level": "info",
  "message": "Storing in CA token database: {\"access_token\":\"HnSiUJLEUTFB78jtXtl1J7n753U\",\"scope\":\"TeleSig_19\",\"token_type\":\"Bearer\",\"expires_in\":1229}",
  "timestamp": "Oct-20-2025 11:00:16"
}
{
  "level": "debug",
  "message": "lacts.db - Executing (default): SELECT `id`, `access_token`, `scope`, `token_type`, `expires_in`, `createdAt`, `updatedAt` FROM `caltokens` AS `caltokens` WHERE `caltokens`.`id` = 1;",
  "timestamp": "Oct-20-2025 11:00:16"
}
{
  "level": "info",
  "message": "Found existing token details in CA DB: {\"id\":1,\"access_token\":\"fIz9__yc3Z5He3P-Uit9E8AKF5Y\",\"scope\":\"TeleSig_19\",\"token_type\":\"Bearer\",\"expires_in\":1229,\"createdAt\":\"2025-10-20T17:30:16.980Z\",\"updatedAt\":\"2025-10-20T17:45:17.019Z\"} updating with this data:-> {\"access_token\":\"HnSiUJLEUTFB78jtXtl1J7n753U\",\"scope\":\"TeleSig_19\",\"token_type\":\"Bearer\",\"expires_in\":1229}",
  "timestamp": "Oct-20-2025 11:00:16"
}
{
  "level": "debug",
  "message": "lacts.db - Executing (default): INSERT INTO `caltokens` (`id`,`access_token`,`scope`,`token_type`,`expires_in`,`createdAt`,`updatedAt`) VALUES ($1,$2,$3,$4,$5,$6,$7) ON CONFLICT (`id`) DO UPDATE SET `id`=EXCLUDED.`id`,`access_token`=EXCLUDED.`access_token`,`scope`=EXCLUDED.`scope`,`expires_in`=EXCLUDED.`expires_in`,`token_type`=EXCLUDED.`token_type`,`updatedAt`=EXCLUDED.`updatedAt`;",
  "timestamp": "Oct-20-2025 11:00:16"
}
{
  "level": "debug",
  "message": "Created new CA DB record: [{\"id\":1,\"access_token\":\"HnSiUJLEUTFB78jtXtl1J7n753U\",\"scope\":\"TeleSig_19\",\"expires_in\":1229,\"token_type\":\"Bearer\"},null]",
  "timestamp": "Oct-20-2025 11:00:16"
}
{
  "level": "info",
  "message": "Storing in WX token database: {\"access_token\":\"YjdmYjI5YTUtNTgyNi00NzRhLTlmZTQtYmY2NTk0OTQwYjNjMDc2ZTUyYWYtMzFj_PF84_4f25a9a0-32e6-445f-b347-d920b9b857be\",\"expires_in\":1209599,\"refresh_token\":\"R2E1NzA0NjktYWNjZi00NTMwLWFhODQtNzgwM2VkZmNjY2RkMzQ1ZWI1Y2ItNmNi_PF84_4f25a9a0-32e6-445f-b347-d920b9b857be\",\"refresh_token_expires_in\":7712244,\"token_type\":\"Bearer\",\"scope\":\"cjp:config_write cjp:config_read\"}",
  "timestamp": "Oct-20-2025 11:00:17"
}
{
  "level": "debug",
  "message": "lacts.db - Executing (default): SELECT `id`, `access_token`, `expires_in`, `refresh_token`, `refresh_token_expires_in`, `token_type`, `scope`, `createdAt`, `updatedAt` FROM `wxtokens` AS `wxtokens` WHERE `wxtokens`.`id` = 1;",
  "timestamp": "Oct-20-2025 11:00:17"
}
{
  "level": "info",
  "message": "Found existing token details in WX DB: {\"id\":\"1\",\"access_token\":\"OTJjMjRlMTMtNjA3MS00MjQ4LWEyZTItMmJlNjU1ODM0NzdhMzk0OTYxNGEtM2Uz_PF84_4f25a9a0-32e6-445f-b347-d920b9b857be\",\"expires_in\":1209599,\"refresh_token\":\"R2E1NzA0NjktYWNjZi00NTMwLWFhODQtNzgwM2VkZmNjY2RkMzQ1ZWI1Y2ItNmNi_PF84_4f25a9a0-32e6-445f-b347-d920b9b857be\",\"refresh_token_expires_in\":7713144,\"token_type\":\"Bearer\",\"scope\":\"cjp:config_write cjp:config_read\",\"createdAt\":\"2025-10-20T17:30:17.065Z\",\"updatedAt\":\"2025-10-20T17:45:17.101Z\"} updating with this data:-> {\"access_token\":\"YjdmYjI5YTUtNTgyNi00NzRhLTlmZTQtYmY2NTk0OTQwYjNjMDc2ZTUyYWYtMzFj_PF84_4f25a9a0-32e6-445f-b347-d920b9b857be\",\"expires_in\":1209599,\"refresh_token\":\"R2E1NzA0NjktYWNjZi00NTMwLWFhODQtNzgwM2VkZmNjY2RkMzQ1ZWI1Y2ItNmNi_PF84_4f25a9a0-32e6-445f-b347-d920b9b857be\",\"refresh_token_expires_in\":7712244,\"token_type\":\"Bearer\",\"scope\":\"cjp:config_write cjp:config_read\"}",
  "timestamp": "Oct-20-2025 11:00:17"
}
{
  "level": "debug",
  "message": "lacts.db - Executing (default): INSERT INTO `wxtokens` (`id`,`access_token`,`expires_in`,`refresh_token`,`refresh_token_expires_in`,`token_type`,`scope`,`createdAt`,`updatedAt`) VALUES ($1,$2,$3,$4,$5,$6,$7,$8,$9) ON CONFLICT (`id`) DO UPDATE SET `id`=EXCLUDED.`id`,`access_token`=EXCLUDED.`access_token`,`expires_in`=EXCLUDED.`expires_in`,`refresh_token`=EXCLUDED.`refresh_token`,`refresh_token_expires_in`=EXCLUDED.`refresh_token_expires_in`,`token_type`=EXCLUDED.`token_type`,`scope`=EXCLUDED.`scope`,`updatedAt`=EXCLUDED.`updatedAt`;",
  "timestamp": "Oct-20-2025 11:00:17"
}
{
  "level": "debug",
  "message": "Created new WX token DB record: [{\"id\":1,\"access_token\":\"YjdmYjI5YTUtNTgyNi00NzRhLTlmZTQtYmY2NTk0OTQwYjNjMDc2ZTUyYWYtMzFj_PF84_4f25a9a0-32e6-445f-b347-d920b9b857be\",\"expires_in\":1209599,\"refresh_token\":\"R2E1NzA0NjktYWNjZi00NTMwLWFhODQtNzgwM2VkZmNjY2RkMzQ1ZWI1Y2ItNmNi_PF84_4f25a9a0-32e6-445f-b347-d920b9b857be\",\"refresh_token_expires_in\":7712244,\"token_type\":\"Bearer\",\"scope\":\"cjp:config_write cjp:config_read\"},null]",
  "timestamp": "Oct-20-2025 11:00:17"
}
{
  "level": "debug",
  "message": "Trying request for WX Token with params: {\"grant_type\":\"refresh_token\",\"client_id\":\"C2dee08fe0c3cdfb22000cedd22a99e24fa1120d948416d67ee49b2f889e69d2c\",\"client_secret\":\"c0ce4cc51127444b90ac2f9a908a860f60b528bb86a08c7b721bccb301a0ff22\",\"refresh_token\":\"R2E1NzA0NjktYWNjZi00NTMwLWFhODQtNzgwM2VkZmNjY2RkMzQ1ZWI1Y2ItNmNi_PF84_4f25a9a0-32e6-445f-b347-d920b9b857be\"}",
  "timestamp": "Oct-20-2025 11:15:16"
}
{
  "level": "debug",
  "message": "Trying CA token request with params: {\"client_id\":\"5KLMJtqxDnthworg\",\"client_secret\":\";L/89v(NA*uUS?Mq/>f\",\"scope\":\"TeleSig_19\"}",
  "timestamp": "Oct-20-2025 11:15:16"
}
{
  "level": "info",
  "message": "Storing in CA token database: {\"access_token\":\"xow4RbErG2UcJ12OhKPDjFisqy0\",\"scope\":\"TeleSig_19\",\"token_type\":\"Bearer\",\"expires_in\":1229}",
  "timestamp": "Oct-20-2025 11:15:17"
}
{
  "level": "debug",
  "message": "lacts.db - Executing (default): SELECT `id`, `access_token`, `scope`, `token_type`, `expires_in`, `createdAt`, `updatedAt` FROM `caltokens` AS `caltokens` WHERE `caltokens`.`id` = 1;",
  "timestamp": "Oct-20-2025 11:15:17"
}
{
  "level": "info",
  "message": "Found existing token details in CA DB: {\"id\":1,\"access_token\":\"HnSiUJLEUTFB78jtXtl1J7n753U\",\"scope\":\"TeleSig_19\",\"token_type\":\"Bearer\",\"expires_in\":1229,\"createdAt\":\"2025-10-20T17:30:16.980Z\",\"updatedAt\":\"2025-10-20T18:00:16.980Z\"} updating with this data:-> {\"access_token\":\"xow4RbErG2UcJ12OhKPDjFisqy0\",\"scope\":\"TeleSig_19\",\"token_type\":\"Bearer\",\"expires_in\":1229}",
  "timestamp": "Oct-20-2025 11:15:17"
}
{
  "level": "debug",
  "message": "lacts.db - Executing (default): INSERT INTO `caltokens` (`id`,`access_token`,`scope`,`token_type`,`expires_in`,`createdAt`,`updatedAt`) VALUES ($1,$2,$3,$4,$5,$6,$7) ON CONFLICT (`id`) DO UPDATE SET `id`=EXCLUDED.`id`,`access_token`=EXCLUDED.`access_token`,`scope`=EXCLUDED.`scope`,`expires_in`=EXCLUDED.`expires_in`,`token_type`=EXCLUDED.`token_type`,`updatedAt`=EXCLUDED.`updatedAt`;",
  "timestamp": "Oct-20-2025 11:15:17"
}
{
  "level": "debug",
  "message": "Created new CA DB record: [{\"id\":1,\"access_token\":\"xow4RbErG2UcJ12OhKPDjFisqy0\",\"scope\":\"TeleSig_19\",\"expires_in\":1229,\"token_type\":\"Bearer\"},null]",
  "timestamp": "Oct-20-2025 11:15:17"
}
{
  "level": "info",
  "message": "Storing in WX token database: {\"access_token\":\"YjUzZGNhN2ItMWZkZS00NGQ1LWI2MzYtY2NjNGQ3ZjAwOGRlNjc5MGIxNTktNzhl_PF84_4f25a9a0-32e6-445f-b347-d920b9b857be\",\"expires_in\":1209599,\"refresh_token\":\"R2E1NzA0NjktYWNjZi00NTMwLWFhODQtNzgwM2VkZmNjY2RkMzQ1ZWI1Y2ItNmNi_PF84_4f25a9a0-32e6-445f-b347-d920b9b857be\",\"refresh_token_expires_in\":7711343,\"token_type\":\"Bearer\",\"scope\":\"cjp:config_write cjp:config_read\"}",
  "timestamp": "Oct-20-2025 11:15:17"
}
{
  "level": "debug",
  "message": "lacts.db - Executing (default): SELECT `id`, `access_token`, `expires_in`, `refresh_token`, `refresh_token_expires_in`, `token_type`, `scope`, `createdAt`, `updatedAt` FROM `wxtokens` AS `wxtokens` WHERE `wxtokens`.`id` = 1;",
  "timestamp": "Oct-20-2025 11:15:17"
}
{
  "level": "info",
  "message": "Found existing token details in WX DB: {\"id\":\"1\",\"access_token\":\"YjdmYjI5YTUtNTgyNi00NzRhLTlmZTQtYmY2NTk0OTQwYjNjMDc2ZTUyYWYtMzFj_PF84_4f25a9a0-32e6-445f-b347-d920b9b857be\",\"expires_in\":1209599,\"refresh_token\":\"R2E1NzA0NjktYWNjZi00NTMwLWFhODQtNzgwM2VkZmNjY2RkMzQ1ZWI1Y2ItNmNi_PF84_4f25a9a0-32e6-445f-b347-d920b9b857be\",\"refresh_token_expires_in\":7712244,\"token_type\":\"Bearer\",\"scope\":\"cjp:config_write cjp:config_read\",\"createdAt\":\"2025-10-20T17:30:17.065Z\",\"updatedAt\":\"2025-10-20T18:00:17.177Z\"} updating with this data:-> {\"access_token\":\"YjUzZGNhN2ItMWZkZS00NGQ1LWI2MzYtY2NjNGQ3ZjAwOGRlNjc5MGIxNTktNzhl_PF84_4f25a9a0-32e6-445f-b347-d920b9b857be\",\"expires_in\":1209599,\"refresh_token\":\"R2E1NzA0NjktYWNjZi00NTMwLWFhODQtNzgwM2VkZmNjY2RkMzQ1ZWI1Y2ItNmNi_PF84_4f25a9a0-32e6-445f-b347-d920b9b857be\",\"refresh_token_expires_in\":7711343,\"token_type\":\"Bearer\",\"scope\":\"cjp:config_write cjp:config_read\"}",
  "timestamp": "Oct-20-2025 11:15:17"
}
{
  "level": "debug",
  "message": "lacts.db - Executing (default): INSERT INTO `wxtokens` (`id`,`access_token`,`expires_in`,`refresh_token`,`refresh_token_expires_in`,`token_type`,`scope`,`createdAt`,`updatedAt`) VALUES ($1,$2,$3,$4,$5,$6,$7,$8,$9) ON CONFLICT (`id`) DO UPDATE SET `id`=EXCLUDED.`id`,`access_token`=EXCLUDED.`access_token`,`expires_in`=EXCLUDED.`expires_in`,`refresh_token`=EXCLUDED.`refresh_token`,`refresh_token_expires_in`=EXCLUDED.`refresh_token_expires_in`,`token_type`=EXCLUDED.`token_type`,`scope`=EXCLUDED.`scope`,`updatedAt`=EXCLUDED.`updatedAt`;",
  "timestamp": "Oct-20-2025 11:15:17"
}
{
  "level": "debug",
  "message": "Created new WX token DB record: [{\"id\":1,\"access_token\":\"YjUzZGNhN2ItMWZkZS00NGQ1LWI2MzYtY2NjNGQ3ZjAwOGRlNjc5MGIxNTktNzhl_PF84_4f25a9a0-32e6-445f-b347-d920b9b857be\",\"expires_in\":1209599,\"refresh_token\":\"R2E1NzA0NjktYWNjZi00NTMwLWFhODQtNzgwM2VkZmNjY2RkMzQ1ZWI1Y2ItNmNi_PF84_4f25a9a0-32e6-445f-b347-d920b9b857be\",\"refresh_token_expires_in\":7711343,\"token_type\":\"Bearer\",\"scope\":\"cjp:config_write cjp:config_read\"},null]",
  "timestamp": "Oct-20-2025 11:15:17"
}
{
  "level": "debug",
  "message": "Trying request for WX Token with params: {\"grant_type\":\"refresh_token\",\"client_id\":\"C2dee08fe0c3cdfb22000cedd22a99e24fa1120d948416d67ee49b2f889e69d2c\",\"client_secret\":\"c0ce4cc51127444b90ac2f9a908a860f60b528bb86a08c7b721bccb301a0ff22\",\"refresh_token\":\"R2E1NzA0NjktYWNjZi00NTMwLWFhODQtNzgwM2VkZmNjY2RkMzQ1ZWI1Y2ItNmNi_PF84_4f25a9a0-32e6-445f-b347-d920b9b857be\"}",
  "timestamp": "Oct-20-2025 11:30:16"
}
{
  "level": "debug",
  "message": "Trying CA token request with params: {\"client_id\":\"5KLMJtqxDnthworg\",\"client_secret\":\";L/89v(NA*uUS?Mq/>f\",\"scope\":\"TeleSig_19\"}",
  "timestamp": "Oct-20-2025 11:30:16"
}
{
  "level": "info",
  "message": "Storing in CA token database: {\"access_token\":\"L4WL0nCahmj-oZQF0N8TxYKT978\",\"scope\":\"TeleSig_19\",\"token_type\":\"Bearer\",\"expires_in\":1229}",
  "timestamp": "Oct-20-2025 11:30:17"
}
{
  "level": "debug",
  "message": "lacts.db - Executing (default): SELECT `id`, `access_token`, `scope`, `token_type`, `expires_in`, `createdAt`, `updatedAt` FROM `caltokens` AS `caltokens` WHERE `caltokens`.`id` = 1;",
  "timestamp": "Oct-20-2025 11:30:17"
}
{
  "level": "info",
  "message": "Found existing token details in CA DB: {\"id\":1,\"access_token\":\"xow4RbErG2UcJ12OhKPDjFisqy0\",\"scope\":\"TeleSig_19\",\"token_type\":\"Bearer\",\"expires_in\":1229,\"createdAt\":\"2025-10-20T17:30:16.980Z\",\"updatedAt\":\"2025-10-20T18:15:17.448Z\"} updating with this data:-> {\"access_token\":\"L4WL0nCahmj-oZQF0N8TxYKT978\",\"scope\":\"TeleSig_19\",\"token_type\":\"Bearer\",\"expires_in\":1229}",
  "timestamp": "Oct-20-2025 11:30:17"
}
{
  "level": "debug",
  "message": "lacts.db - Executing (default): INSERT INTO `caltokens` (`id`,`access_token`,`scope`,`token_type`,`expires_in`,`createdAt`,`updatedAt`) VALUES ($1,$2,$3,$4,$5,$6,$7) ON CONFLICT (`id`) DO UPDATE SET `id`=EXCLUDED.`id`,`access_token`=EXCLUDED.`access_token`,`scope`=EXCLUDED.`scope`,`expires_in`=EXCLUDED.`expires_in`,`token_type`=EXCLUDED.`token_type`,`updatedAt`=EXCLUDED.`updatedAt`;",
  "timestamp": "Oct-20-2025 11:30:17"
}
{
  "level": "debug",
  "message": "Created new CA DB record: [{\"id\":1,\"access_token\":\"L4WL0nCahmj-oZQF0N8TxYKT978\",\"scope\":\"TeleSig_19\",\"expires_in\":1229,\"token_type\":\"Bearer\"},null]",
  "timestamp": "Oct-20-2025 11:30:17"
}
{
  "level": "info",
  "message": "Storing in WX token database: {\"access_token\":\"ZGJkMDM2OGYtODg4MS00ZDkwLTllYjMtNTAyODhiYmJiZGQ0MWY0ZDY2NjgtZTY2_PF84_4f25a9a0-32e6-445f-b347-d920b9b857be\",\"expires_in\":1209599,\"refresh_token\":\"R2E1NzA0NjktYWNjZi00NTMwLWFhODQtNzgwM2VkZmNjY2RkMzQ1ZWI1Y2ItNmNi_PF84_4f25a9a0-32e6-445f-b347-d920b9b857be\",\"refresh_token_expires_in\":7710444,\"token_type\":\"Bearer\",\"scope\":\"cjp:config_write cjp:config_read\"}",
  "timestamp": "Oct-20-2025 11:30:17"
}
{
  "level": "debug",
  "message": "lacts.db - Executing (default): SELECT `id`, `access_token`, `expires_in`, `refresh_token`, `refresh_token_expires_in`, `token_type`, `scope`, `createdAt`, `updatedAt` FROM `wxtokens` AS `wxtokens` WHERE `wxtokens`.`id` = 1;",
  "timestamp": "Oct-20-2025 11:30:17"
}
{
  "level": "info",
  "message": "Found existing token details in WX DB: {\"id\":\"1\",\"access_token\":\"YjUzZGNhN2ItMWZkZS00NGQ1LWI2MzYtY2NjNGQ3ZjAwOGRlNjc5MGIxNTktNzhl_PF84_4f25a9a0-32e6-445f-b347-d920b9b857be\",\"expires_in\":1209599,\"refresh_token\":\"R2E1NzA0NjktYWNjZi00NTMwLWFhODQtNzgwM2VkZmNjY2RkMzQ1ZWI1Y2ItNmNi_PF84_4f25a9a0-32e6-445f-b347-d920b9b857be\",\"refresh_token_expires_in\":7711343,\"token_type\":\"Bearer\",\"scope\":\"cjp:config_write cjp:config_read\",\"createdAt\":\"2025-10-20T17:30:17.065Z\",\"updatedAt\":\"2025-10-20T18:15:17.799Z\"} updating with this data:-> {\"access_token\":\"ZGJkMDM2OGYtODg4MS00ZDkwLTllYjMtNTAyODhiYmJiZGQ0MWY0ZDY2NjgtZTY2_PF84_4f25a9a0-32e6-445f-b347-d920b9b857be\",\"expires_in\":1209599,\"refresh_token\":\"R2E1NzA0NjktYWNjZi00NTMwLWFhODQtNzgwM2VkZmNjY2RkMzQ1ZWI1Y2ItNmNi_PF84_4f25a9a0-32e6-445f-b347-d920b9b857be\",\"refresh_token_expires_in\":7710444,\"token_type\":\"Bearer\",\"scope\":\"cjp:config_write cjp:config_read\"}",
  "timestamp": "Oct-20-2025 11:30:17"
}
{
  "level": "debug",
  "message": "lacts.db - Executing (default): INSERT INTO `wxtokens` (`id`,`access_token`,`expires_in`,`refresh_token`,`refresh_token_expires_in`,`token_type`,`scope`,`createdAt`,`updatedAt`) VALUES ($1,$2,$3,$4,$5,$6,$7,$8,$9) ON CONFLICT (`id`) DO UPDATE SET `id`=EXCLUDED.`id`,`access_token`=EXCLUDED.`access_token`,`expires_in`=EXCLUDED.`expires_in`,`refresh_token`=EXCLUDED.`refresh_token`,`refresh_token_expires_in`=EXCLUDED.`refresh_token_expires_in`,`token_type`=EXCLUDED.`token_type`,`scope`=EXCLUDED.`scope`,`updatedAt`=EXCLUDED.`updatedAt`;",
  "timestamp": "Oct-20-2025 11:30:17"
}
{
  "level": "debug",
  "message": "Created new WX token DB record: [{\"id\":1,\"access_token\":\"ZGJkMDM2OGYtODg4MS00ZDkwLTllYjMtNTAyODhiYmJiZGQ0MWY0ZDY2NjgtZTY2_PF84_4f25a9a0-32e6-445f-b347-d920b9b857be\",\"expires_in\":1209599,\"refresh_token\":\"R2E1NzA0NjktYWNjZi00NTMwLWFhODQtNzgwM2VkZmNjY2RkMzQ1ZWI1Y2ItNmNi_PF84_4f25a9a0-32e6-445f-b347-d920b9b857be\",\"refresh_token_expires_in\":7710444,\"token_type\":\"Bearer\",\"scope\":\"cjp:config_write cjp:config_read\"},null]",
  "timestamp": "Oct-20-2025 11:30:17"
}
{
  "level": "debug",
  "message": "Trying request for WX Token with params: {\"grant_type\":\"refresh_token\",\"client_id\":\"C2dee08fe0c3cdfb22000cedd22a99e24fa1120d948416d67ee49b2f889e69d2c\",\"client_secret\":\"c0ce4cc51127444b90ac2f9a908a860f60b528bb86a08c7b721bccb301a0ff22\",\"refresh_token\":\"R2E1NzA0NjktYWNjZi00NTMwLWFhODQtNzgwM2VkZmNjY2RkMzQ1ZWI1Y2ItNmNi_PF84_4f25a9a0-32e6-445f-b347-d920b9b857be\"}",
  "timestamp": "Oct-20-2025 11:45:16"
}
{
  "level": "debug",
  "message": "Trying CA token request with params: {\"client_id\":\"5KLMJtqxDnthworg\",\"client_secret\":\";L/89v(NA*uUS?Mq/>f\",\"scope\":\"TeleSig_19\"}",
  "timestamp": "Oct-20-2025 11:45:16"
}
{
  "level": "info",
  "message": "Storing in CA token database: {\"access_token\":\"Hn1sLiKuU9z9u-l0WJrPIwL7LIo\",\"scope\":\"TeleSig_19\",\"token_type\":\"Bearer\",\"expires_in\":1229}",
  "timestamp": "Oct-20-2025 11:45:17"
}
{
  "level": "debug",
  "message": "lacts.db - Executing (default): SELECT `id`, `access_token`, `scope`, `token_type`, `expires_in`, `createdAt`, `updatedAt` FROM `caltokens` AS `caltokens` WHERE `caltokens`.`id` = 1;",
  "timestamp": "Oct-20-2025 11:45:17"
}
{
  "level": "info",
  "message": "Found existing token details in CA DB: {\"id\":1,\"access_token\":\"L4WL0nCahmj-oZQF0N8TxYKT978\",\"scope\":\"TeleSig_19\",\"token_type\":\"Bearer\",\"expires_in\":1229,\"createdAt\":\"2025-10-20T17:30:16.980Z\",\"updatedAt\":\"2025-10-20T18:30:17.114Z\"} updating with this data:-> {\"access_token\":\"Hn1sLiKuU9z9u-l0WJrPIwL7LIo\",\"scope\":\"TeleSig_19\",\"token_type\":\"Bearer\",\"expires_in\":1229}",
  "timestamp": "Oct-20-2025 11:45:17"
}
{
  "level": "debug",
  "message": "lacts.db - Executing (default): INSERT INTO `caltokens` (`id`,`access_token`,`scope`,`token_type`,`expires_in`,`createdAt`,`updatedAt`) VALUES ($1,$2,$3,$4,$5,$6,$7) ON CONFLICT (`id`) DO UPDATE SET `id`=EXCLUDED.`id`,`access_token`=EXCLUDED.`access_token`,`scope`=EXCLUDED.`scope`,`expires_in`=EXCLUDED.`expires_in`,`token_type`=EXCLUDED.`token_type`,`updatedAt`=EXCLUDED.`updatedAt`;",
  "timestamp": "Oct-20-2025 11:45:17"
}
{
  "level": "debug",
  "message": "Created new CA DB record: [{\"id\":1,\"access_token\":\"Hn1sLiKuU9z9u-l0WJrPIwL7LIo\",\"scope\":\"TeleSig_19\",\"expires_in\":1229,\"token_type\":\"Bearer\"},null]",
  "timestamp": "Oct-20-2025 11:45:17"
}
{
  "level": "info",
  "message": "Storing in WX token database: {\"access_token\":\"ZDNlM2ZiZmQtYTVhMy00OGM3LWI1YmUtNjlmNTMzY2U1ZThjNzE5MDRhYTctNzhi_PF84_4f25a9a0-32e6-445f-b347-d920b9b857be\",\"expires_in\":1209599,\"refresh_token\":\"R2E1NzA0NjktYWNjZi00NTMwLWFhODQtNzgwM2VkZmNjY2RkMzQ1ZWI1Y2ItNmNi_PF84_4f25a9a0-32e6-445f-b347-d920b9b857be\",\"refresh_token_expires_in\":7709544,\"token_type\":\"Bearer\",\"scope\":\"cjp:config_write cjp:config_read\"}",
  "timestamp": "Oct-20-2025 11:45:17"
}
{
  "level": "debug",
  "message": "lacts.db - Executing (default): SELECT `id`, `access_token`, `expires_in`, `refresh_token`, `refresh_token_expires_in`, `token_type`, `scope`, `createdAt`, `updatedAt` FROM `wxtokens` AS `wxtokens` WHERE `wxtokens`.`id` = 1;",
  "timestamp": "Oct-20-2025 11:45:17"
}
{
  "level": "info",
  "message": "Found existing token details in WX DB: {\"id\":\"1\",\"access_token\":\"ZGJkMDM2OGYtODg4MS00ZDkwLTllYjMtNTAyODhiYmJiZGQ0MWY0ZDY2NjgtZTY2_PF84_4f25a9a0-32e6-445f-b347-d920b9b857be\",\"expires_in\":1209599,\"refresh_token\":\"R2E1NzA0NjktYWNjZi00NTMwLWFhODQtNzgwM2VkZmNjY2RkMzQ1ZWI1Y2ItNmNi_PF84_4f25a9a0-32e6-445f-b347-d920b9b857be\",\"refresh_token_expires_in\":7710444,\"token_type\":\"Bearer\",\"scope\":\"cjp:config_write cjp:config_read\",\"createdAt\":\"2025-10-20T17:30:17.065Z\",\"updatedAt\":\"2025-10-20T18:30:17.200Z\"} updating with this data:-> {\"access_token\":\"ZDNlM2ZiZmQtYTVhMy00OGM3LWI1YmUtNjlmNTMzY2U1ZThjNzE5MDRhYTctNzhi_PF84_4f25a9a0-32e6-445f-b347-d920b9b857be\",\"expires_in\":1209599,\"refresh_token\":\"R2E1NzA0NjktYWNjZi00NTMwLWFhODQtNzgwM2VkZmNjY2RkMzQ1ZWI1Y2ItNmNi_PF84_4f25a9a0-32e6-445f-b347-d920b9b857be\",\"refresh_token_expires_in\":7709544,\"token_type\":\"Bearer\",\"scope\":\"cjp:config_write cjp:config_read\"}",
  "timestamp": "Oct-20-2025 11:45:17"
}
{
  "level": "debug",
  "message": "lacts.db - Executing (default): INSERT INTO `wxtokens` (`id`,`access_token`,`expires_in`,`refresh_token`,`refresh_token_expires_in`,`token_type`,`scope`,`createdAt`,`updatedAt`) VALUES ($1,$2,$3,$4,$5,$6,$7,$8,$9) ON CONFLICT (`id`) DO UPDATE SET `id`=EXCLUDED.`id`,`access_token`=EXCLUDED.`access_token`,`expires_in`=EXCLUDED.`expires_in`,`refresh_token`=EXCLUDED.`refresh_token`,`refresh_token_expires_in`=EXCLUDED.`refresh_token_expires_in`,`token_type`=EXCLUDED.`token_type`,`scope`=EXCLUDED.`scope`,`updatedAt`=EXCLUDED.`updatedAt`;",
  "timestamp": "Oct-20-2025 11:45:17"
}
{
  "level": "debug",
  "message": "Created new WX token DB record: [{\"id\":1,\"access_token\":\"ZDNlM2ZiZmQtYTVhMy00OGM3LWI1YmUtNjlmNTMzY2U1ZThjNzE5MDRhYTctNzhi_PF84_4f25a9a0-32e6-445f-b347-d920b9b857be\",\"expires_in\":1209599,\"refresh_token\":\"R2E1NzA0NjktYWNjZi00NTMwLWFhODQtNzgwM2VkZmNjY2RkMzQ1ZWI1Y2ItNmNi_PF84_4f25a9a0-32e6-445f-b347-d920b9b857be\",\"refresh_token_expires_in\":7709544,\"token_type\":\"Bearer\",\"scope\":\"cjp:config_write cjp:config_read\"},null]",
  "timestamp": "Oct-20-2025 11:45:17"
}
{
  "level": "debug",
  "message": "Trying request for WX Token with params: {\"grant_type\":\"refresh_token\",\"client_id\":\"C2dee08fe0c3cdfb22000cedd22a99e24fa1120d948416d67ee49b2f889e69d2c\",\"client_secret\":\"c0ce4cc51127444b90ac2f9a908a860f60b528bb86a08c7b721bccb301a0ff22\",\"refresh_token\":\"R2E1NzA0NjktYWNjZi00NTMwLWFhODQtNzgwM2VkZmNjY2RkMzQ1ZWI1Y2ItNmNi_PF84_4f25a9a0-32e6-445f-b347-d920b9b857be\"}",
  "timestamp": "Oct-20-2025 12:00:16"
}
{
  "level": "debug",
  "message": "Trying CA token request with params: {\"client_id\":\"5KLMJtqxDnthworg\",\"client_secret\":\";L/89v(NA*uUS?Mq/>f\",\"scope\":\"TeleSig_19\"}",
  "timestamp": "Oct-20-2025 12:00:16"
}
{
  "level": "info",
  "message": "Storing in CA token database: {\"access_token\":\"78TGkmz_-WNqr1hII37o2V2MCyg\",\"scope\":\"TeleSig_19\",\"token_type\":\"Bearer\",\"expires_in\":1229}",
  "timestamp": "Oct-20-2025 12:00:17"
}
{
  "level": "debug",
  "message": "lacts.db - Executing (default): SELECT `id`, `access_token`, `scope`, `token_type`, `expires_in`, `createdAt`, `updatedAt` FROM `caltokens` AS `caltokens` WHERE `caltokens`.`id` = 1;",
  "timestamp": "Oct-20-2025 12:00:17"
}
{
  "level": "info",
  "message": "Found existing token details in CA DB: {\"id\":1,\"access_token\":\"Hn1sLiKuU9z9u-l0WJrPIwL7LIo\",\"scope\":\"TeleSig_19\",\"token_type\":\"Bearer\",\"expires_in\":1229,\"createdAt\":\"2025-10-20T17:30:16.980Z\",\"updatedAt\":\"2025-10-20T18:45:17.096Z\"} updating with this data:-> {\"access_token\":\"78TGkmz_-WNqr1hII37o2V2MCyg\",\"scope\":\"TeleSig_19\",\"token_type\":\"Bearer\",\"expires_in\":1229}",
  "timestamp": "Oct-20-2025 12:00:17"
}
{
  "level": "debug",
  "message": "lacts.db - Executing (default): INSERT INTO `caltokens` (`id`,`access_token`,`scope`,`token_type`,`expires_in`,`createdAt`,`updatedAt`) VALUES ($1,$2,$3,$4,$5,$6,$7) ON CONFLICT (`id`) DO UPDATE SET `id`=EXCLUDED.`id`,`access_token`=EXCLUDED.`access_token`,`scope`=EXCLUDED.`scope`,`expires_in`=EXCLUDED.`expires_in`,`token_type`=EXCLUDED.`token_type`,`updatedAt`=EXCLUDED.`updatedAt`;",
  "timestamp": "Oct-20-2025 12:00:17"
}
{
  "level": "debug",
  "message": "Created new CA DB record: [{\"id\":1,\"access_token\":\"78TGkmz_-WNqr1hII37o2V2MCyg\",\"scope\":\"TeleSig_19\",\"expires_in\":1229,\"token_type\":\"Bearer\"},null]",
  "timestamp": "Oct-20-2025 12:00:17"
}
{
  "level": "info",
  "message": "Storing in WX token database: {\"access_token\":\"MjllZmI4NGEtMDI0Yy00MzZlLWI0NTMtNjczOTQxZDFmNjk0ODY2NGJkZjEtYmMz_PF84_4f25a9a0-32e6-445f-b347-d920b9b857be\",\"expires_in\":1209599,\"refresh_token\":\"R2E1NzA0NjktYWNjZi00NTMwLWFhODQtNzgwM2VkZmNjY2RkMzQ1ZWI1Y2ItNmNi_PF84_4f25a9a0-32e6-445f-b347-d920b9b857be\",\"refresh_token_expires_in\":7708644,\"token_type\":\"Bearer\",\"scope\":\"cjp:config_write cjp:config_read\"}",
  "timestamp": "Oct-20-2025 12:00:17"
}
{
  "level": "debug",
  "message": "lacts.db - Executing (default): SELECT `id`, `access_token`, `expires_in`, `refresh_token`, `refresh_token_expires_in`, `token_type`, `scope`, `createdAt`, `updatedAt` FROM `wxtokens` AS `wxtokens` WHERE `wxtokens`.`id` = 1;",
  "timestamp": "Oct-20-2025 12:00:17"
}
{
  "level": "info",
  "message": "Found existing token details in WX DB: {\"id\":\"1\",\"access_token\":\"ZDNlM2ZiZmQtYTVhMy00OGM3LWI1YmUtNjlmNTMzY2U1ZThjNzE5MDRhYTctNzhi_PF84_4f25a9a0-32e6-445f-b347-d920b9b857be\",\"expires_in\":1209599,\"refresh_token\":\"R2E1NzA0NjktYWNjZi00NTMwLWFhODQtNzgwM2VkZmNjY2RkMzQ1ZWI1Y2ItNmNi_PF84_4f25a9a0-32e6-445f-b347-d920b9b857be\",\"refresh_token_expires_in\":7709544,\"token_type\":\"Bearer\",\"scope\":\"cjp:config_write cjp:config_read\",\"createdAt\":\"2025-10-20T17:30:17.065Z\",\"updatedAt\":\"2025-10-20T18:45:17.249Z\"} updating with this data:-> {\"access_token\":\"MjllZmI4NGEtMDI0Yy00MzZlLWI0NTMtNjczOTQxZDFmNjk0ODY2NGJkZjEtYmMz_PF84_4f25a9a0-32e6-445f-b347-d920b9b857be\",\"expires_in\":1209599,\"refresh_token\":\"R2E1NzA0NjktYWNjZi00NTMwLWFhODQtNzgwM2VkZmNjY2RkMzQ1ZWI1Y2ItNmNi_PF84_4f25a9a0-32e6-445f-b347-d920b9b857be\",\"refresh_token_expires_in\":7708644,\"token_type\":\"Bearer\",\"scope\":\"cjp:config_write cjp:config_read\"}",
  "timestamp": "Oct-20-2025 12:00:17"
}
{
  "level": "debug",
  "message": "lacts.db - Executing (default): INSERT INTO `wxtokens` (`id`,`access_token`,`expires_in`,`refresh_token`,`refresh_token_expires_in`,`token_type`,`scope`,`createdAt`,`updatedAt`) VALUES ($1,$2,$3,$4,$5,$6,$7,$8,$9) ON CONFLICT (`id`) DO UPDATE SET `id`=EXCLUDED.`id`,`access_token`=EXCLUDED.`access_token`,`expires_in`=EXCLUDED.`expires_in`,`refresh_token`=EXCLUDED.`refresh_token`,`refresh_token_expires_in`=EXCLUDED.`refresh_token_expires_in`,`token_type`=EXCLUDED.`token_type`,`scope`=EXCLUDED.`scope`,`updatedAt`=EXCLUDED.`updatedAt`;",
  "timestamp": "Oct-20-2025 12:00:17"
}
{
  "level": "debug",
  "message": "Created new WX token DB record: [{\"id\":1,\"access_token\":\"MjllZmI4NGEtMDI0Yy00MzZlLWI0NTMtNjczOTQxZDFmNjk0ODY2NGJkZjEtYmMz_PF84_4f25a9a0-32e6-445f-b347-d920b9b857be\",\"expires_in\":1209599,\"refresh_token\":\"R2E1NzA0NjktYWNjZi00NTMwLWFhODQtNzgwM2VkZmNjY2RkMzQ1ZWI1Y2ItNmNi_PF84_4f25a9a0-32e6-445f-b347-d920b9b857be\",\"refresh_token_expires_in\":7708644,\"token_type\":\"Bearer\",\"scope\":\"cjp:config_write cjp:config_read\"},null]",
  "timestamp": "Oct-20-2025 12:00:17"
}
{
  "level": "debug",
  "message": "Trying request for WX Token with params: {\"grant_type\":\"refresh_token\",\"client_id\":\"C2dee08fe0c3cdfb22000cedd22a99e24fa1120d948416d67ee49b2f889e69d2c\",\"client_secret\":\"c0ce4cc51127444b90ac2f9a908a860f60b528bb86a08c7b721bccb301a0ff22\",\"refresh_token\":\"R2E1NzA0NjktYWNjZi00NTMwLWFhODQtNzgwM2VkZmNjY2RkMzQ1ZWI1Y2ItNmNi_PF84_4f25a9a0-32e6-445f-b347-d920b9b857be\"}",
  "timestamp": "Oct-20-2025 12:15:16"
}
{
  "level": "debug",
  "message": "Trying CA token request with params: {\"client_id\":\"5KLMJtqxDnthworg\",\"client_secret\":\";L/89v(NA*uUS?Mq/>f\",\"scope\":\"TeleSig_19\"}",
  "timestamp": "Oct-20-2025 12:15:16"
}
{
  "level": "info",
  "message": "Storing in CA token database: {\"access_token\":\"1CQqiNyKYIg9oieu9C6TkSWtyTw\",\"scope\":\"TeleSig_19\",\"token_type\":\"Bearer\",\"expires_in\":1229}",
  "timestamp": "Oct-20-2025 12:15:17"
}
{
  "level": "debug",
  "message": "lacts.db - Executing (default): SELECT `id`, `access_token`, `scope`, `token_type`, `expires_in`, `createdAt`, `updatedAt` FROM `caltokens` AS `caltokens` WHERE `caltokens`.`id` = 1;",
  "timestamp": "Oct-20-2025 12:15:17"
}
{
  "level": "info",
  "message": "Found existing token details in CA DB: {\"id\":1,\"access_token\":\"78TGkmz_-WNqr1hII37o2V2MCyg\",\"scope\":\"TeleSig_19\",\"token_type\":\"Bearer\",\"expires_in\":1229,\"createdAt\":\"2025-10-20T17:30:16.980Z\",\"updatedAt\":\"2025-10-20T19:00:17.153Z\"} updating with this data:-> {\"access_token\":\"1CQqiNyKYIg9oieu9C6TkSWtyTw\",\"scope\":\"TeleSig_19\",\"token_type\":\"Bearer\",\"expires_in\":1229}",
  "timestamp": "Oct-20-2025 12:15:17"
}
{
  "level": "debug",
  "message": "lacts.db - Executing (default): INSERT INTO `caltokens` (`id`,`access_token`,`scope`,`token_type`,`expires_in`,`createdAt`,`updatedAt`) VALUES ($1,$2,$3,$4,$5,$6,$7) ON CONFLICT (`id`) DO UPDATE SET `id`=EXCLUDED.`id`,`access_token`=EXCLUDED.`access_token`,`scope`=EXCLUDED.`scope`,`expires_in`=EXCLUDED.`expires_in`,`token_type`=EXCLUDED.`token_type`,`updatedAt`=EXCLUDED.`updatedAt`;",
  "timestamp": "Oct-20-2025 12:15:17"
}
{
  "level": "debug",
  "message": "Created new CA DB record: [{\"id\":1,\"access_token\":\"1CQqiNyKYIg9oieu9C6TkSWtyTw\",\"scope\":\"TeleSig_19\",\"expires_in\":1229,\"token_type\":\"Bearer\"},null]",
  "timestamp": "Oct-20-2025 12:15:17"
}
{
  "level": "info",
  "message": "Storing in WX token database: {\"access_token\":\"YzBiMjgxOWItMzNiZC00YWY5LWI0YTUtNTQ4NjQ4MjQwOTYxYjdhYzg1MGQtZWM0_PF84_4f25a9a0-32e6-445f-b347-d920b9b857be\",\"expires_in\":1209599,\"refresh_token\":\"R2E1NzA0NjktYWNjZi00NTMwLWFhODQtNzgwM2VkZmNjY2RkMzQ1ZWI1Y2ItNmNi_PF84_4f25a9a0-32e6-445f-b347-d920b9b857be\",\"refresh_token_expires_in\":7707744,\"token_type\":\"Bearer\",\"scope\":\"cjp:config_write cjp:config_read\"}",
  "timestamp": "Oct-20-2025 12:15:17"
}
{
  "level": "debug",
  "message": "lacts.db - Executing (default): SELECT `id`, `access_token`, `expires_in`, `refresh_token`, `refresh_token_expires_in`, `token_type`, `scope`, `createdAt`, `updatedAt` FROM `wxtokens` AS `wxtokens` WHERE `wxtokens`.`id` = 1;",
  "timestamp": "Oct-20-2025 12:15:17"
}
{
  "level": "info",
  "message": "Found existing token details in WX DB: {\"id\":\"1\",\"access_token\":\"MjllZmI4NGEtMDI0Yy00MzZlLWI0NTMtNjczOTQxZDFmNjk0ODY2NGJkZjEtYmMz_PF84_4f25a9a0-32e6-445f-b347-d920b9b857be\",\"expires_in\":1209599,\"refresh_token\":\"R2E1NzA0NjktYWNjZi00NTMwLWFhODQtNzgwM2VkZmNjY2RkMzQ1ZWI1Y2ItNmNi_PF84_4f25a9a0-32e6-445f-b347-d920b9b857be\",\"refresh_token_expires_in\":7708644,\"token_type\":\"Bearer\",\"scope\":\"cjp:config_write cjp:config_read\",\"createdAt\":\"2025-10-20T17:30:17.065Z\",\"updatedAt\":\"2025-10-20T19:00:17.259Z\"} updating with this data:-> {\"access_token\":\"YzBiMjgxOWItMzNiZC00YWY5LWI0YTUtNTQ4NjQ4MjQwOTYxYjdhYzg1MGQtZWM0_PF84_4f25a9a0-32e6-445f-b347-d920b9b857be\",\"expires_in\":1209599,\"refresh_token\":\"R2E1NzA0NjktYWNjZi00NTMwLWFhODQtNzgwM2VkZmNjY2RkMzQ1ZWI1Y2ItNmNi_PF84_4f25a9a0-32e6-445f-b347-d920b9b857be\",\"refresh_token_expires_in\":7707744,\"token_type\":\"Bearer\",\"scope\":\"cjp:config_write cjp:config_read\"}",
  "timestamp": "Oct-20-2025 12:15:17"
}
{
  "level": "debug",
  "message": "lacts.db - Executing (default): INSERT INTO `wxtokens` (`id`,`access_token`,`expires_in`,`refresh_token`,`refresh_token_expires_in`,`token_type`,`scope`,`createdAt`,`updatedAt`) VALUES ($1,$2,$3,$4,$5,$6,$7,$8,$9) ON CONFLICT (`id`) DO UPDATE SET `id`=EXCLUDED.`id`,`access_token`=EXCLUDED.`access_token`,`expires_in`=EXCLUDED.`expires_in`,`refresh_token`=EXCLUDED.`refresh_token`,`refresh_token_expires_in`=EXCLUDED.`refresh_token_expires_in`,`token_type`=EXCLUDED.`token_type`,`scope`=EXCLUDED.`scope`,`updatedAt`=EXCLUDED.`updatedAt`;",
  "timestamp": "Oct-20-2025 12:15:17"
}
{
  "level": "debug",
  "message": "Created new WX token DB record: [{\"id\":1,\"access_token\":\"YzBiMjgxOWItMzNiZC00YWY5LWI0YTUtNTQ4NjQ4MjQwOTYxYjdhYzg1MGQtZWM0_PF84_4f25a9a0-32e6-445f-b347-d920b9b857be\",\"expires_in\":1209599,\"refresh_token\":\"R2E1NzA0NjktYWNjZi00NTMwLWFhODQtNzgwM2VkZmNjY2RkMzQ1ZWI1Y2ItNmNi_PF84_4f25a9a0-32e6-445f-b347-d920b9b857be\",\"refresh_token_expires_in\":7707744,\"token_type\":\"Bearer\",\"scope\":\"cjp:config_write cjp:config_read\"},null]",
  "timestamp": "Oct-20-2025 12:15:17"
}
{
  "level": "debug",
  "message": "Trying request for WX Token with params: {\"grant_type\":\"refresh_token\",\"client_id\":\"C2dee08fe0c3cdfb22000cedd22a99e24fa1120d948416d67ee49b2f889e69d2c\",\"client_secret\":\"c0ce4cc51127444b90ac2f9a908a860f60b528bb86a08c7b721bccb301a0ff22\",\"refresh_token\":\"R2E1NzA0NjktYWNjZi00NTMwLWFhODQtNzgwM2VkZmNjY2RkMzQ1ZWI1Y2ItNmNi_PF84_4f25a9a0-32e6-445f-b347-d920b9b857be\"}",
  "timestamp": "Oct-20-2025 12:30:16"
}
{
  "level": "debug",
  "message": "Trying CA token request with params: {\"client_id\":\"5KLMJtqxDnthworg\",\"client_secret\":\";L/89v(NA*uUS?Mq/>f\",\"scope\":\"TeleSig_19\"}",
  "timestamp": "Oct-20-2025 12:30:16"
}
{
  "level": "info",
  "message": "Storing in CA token database: {\"access_token\":\"ihCpqF6YP4o-4j98LSl-iDq2LBM\",\"scope\":\"TeleSig_19\",\"token_type\":\"Bearer\",\"expires_in\":1229}",
  "timestamp": "Oct-20-2025 12:30:17"
}
{
  "level": "debug",
  "message": "lacts.db - Executing (default): SELECT `id`, `access_token`, `scope`, `token_type`, `expires_in`, `createdAt`, `updatedAt` FROM `caltokens` AS `caltokens` WHERE `caltokens`.`id` = 1;",
  "timestamp": "Oct-20-2025 12:30:17"
}
{
  "level": "info",
  "message": "Found existing token details in CA DB: {\"id\":1,\"access_token\":\"1CQqiNyKYIg9oieu9C6TkSWtyTw\",\"scope\":\"TeleSig_19\",\"token_type\":\"Bearer\",\"expires_in\":1229,\"createdAt\":\"2025-10-20T17:30:16.980Z\",\"updatedAt\":\"2025-10-20T19:15:17.163Z\"} updating with this data:-> {\"access_token\":\"ihCpqF6YP4o-4j98LSl-iDq2LBM\",\"scope\":\"TeleSig_19\",\"token_type\":\"Bearer\",\"expires_in\":1229}",
  "timestamp": "Oct-20-2025 12:30:17"
}
{
  "level": "debug",
  "message": "lacts.db - Executing (default): INSERT INTO `caltokens` (`id`,`access_token`,`scope`,`token_type`,`expires_in`,`createdAt`,`updatedAt`) VALUES ($1,$2,$3,$4,$5,$6,$7) ON CONFLICT (`id`) DO UPDATE SET `id`=EXCLUDED.`id`,`access_token`=EXCLUDED.`access_token`,`scope`=EXCLUDED.`scope`,`expires_in`=EXCLUDED.`expires_in`,`token_type`=EXCLUDED.`token_type`,`updatedAt`=EXCLUDED.`updatedAt`;",
  "timestamp": "Oct-20-2025 12:30:17"
}
{
  "level": "debug",
  "message": "Created new CA DB record: [{\"id\":1,\"access_token\":\"ihCpqF6YP4o-4j98LSl-iDq2LBM\",\"scope\":\"TeleSig_19\",\"expires_in\":1229,\"token_type\":\"Bearer\"},null]",
  "timestamp": "Oct-20-2025 12:30:17"
}
{
  "level": "info",
  "message": "Storing in WX token database: {\"access_token\":\"ZjE0NDNkZmEtNzIyNy00OGE2LWIzODQtYjQxOGU1NTBkZGFhZDE1OWRjY2MtMzRi_PF84_4f25a9a0-32e6-445f-b347-d920b9b857be\",\"expires_in\":1209599,\"refresh_token\":\"R2E1NzA0NjktYWNjZi00NTMwLWFhODQtNzgwM2VkZmNjY2RkMzQ1ZWI1Y2ItNmNi_PF84_4f25a9a0-32e6-445f-b347-d920b9b857be\",\"refresh_token_expires_in\":7706844,\"token_type\":\"Bearer\",\"scope\":\"cjp:config_write cjp:config_read\"}",
  "timestamp": "Oct-20-2025 12:30:17"
}
{
  "level": "debug",
  "message": "lacts.db - Executing (default): SELECT `id`, `access_token`, `expires_in`, `refresh_token`, `refresh_token_expires_in`, `token_type`, `scope`, `createdAt`, `updatedAt` FROM `wxtokens` AS `wxtokens` WHERE `wxtokens`.`id` = 1;",
  "timestamp": "Oct-20-2025 12:30:17"
}
{
  "level": "info",
  "message": "Found existing token details in WX DB: {\"id\":\"1\",\"access_token\":\"YzBiMjgxOWItMzNiZC00YWY5LWI0YTUtNTQ4NjQ4MjQwOTYxYjdhYzg1MGQtZWM0_PF84_4f25a9a0-32e6-445f-b347-d920b9b857be\",\"expires_in\":1209599,\"refresh_token\":\"R2E1NzA0NjktYWNjZi00NTMwLWFhODQtNzgwM2VkZmNjY2RkMzQ1ZWI1Y2ItNmNi_PF84_4f25a9a0-32e6-445f-b347-d920b9b857be\",\"refresh_token_expires_in\":7707744,\"token_type\":\"Bearer\",\"scope\":\"cjp:config_write cjp:config_read\",\"createdAt\":\"2025-10-20T17:30:17.065Z\",\"updatedAt\":\"2025-10-20T19:15:17.268Z\"} updating with this data:-> {\"access_token\":\"ZjE0NDNkZmEtNzIyNy00OGE2LWIzODQtYjQxOGU1NTBkZGFhZDE1OWRjY2MtMzRi_PF84_4f25a9a0-32e6-445f-b347-d920b9b857be\",\"expires_in\":1209599,\"refresh_token\":\"R2E1NzA0NjktYWNjZi00NTMwLWFhODQtNzgwM2VkZmNjY2RkMzQ1ZWI1Y2ItNmNi_PF84_4f25a9a0-32e6-445f-b347-d920b9b857be\",\"refresh_token_expires_in\":7706844,\"token_type\":\"Bearer\",\"scope\":\"cjp:config_write cjp:config_read\"}",
  "timestamp": "Oct-20-2025 12:30:17"
}
{
  "level": "debug",
  "message": "lacts.db - Executing (default): INSERT INTO `wxtokens` (`id`,`access_token`,`expires_in`,`refresh_token`,`refresh_token_expires_in`,`token_type`,`scope`,`createdAt`,`updatedAt`) VALUES ($1,$2,$3,$4,$5,$6,$7,$8,$9) ON CONFLICT (`id`) DO UPDATE SET `id`=EXCLUDED.`id`,`access_token`=EXCLUDED.`access_token`,`expires_in`=EXCLUDED.`expires_in`,`refresh_token`=EXCLUDED.`refresh_token`,`refresh_token_expires_in`=EXCLUDED.`refresh_token_expires_in`,`token_type`=EXCLUDED.`token_type`,`scope`=EXCLUDED.`scope`,`updatedAt`=EXCLUDED.`updatedAt`;",
  "timestamp": "Oct-20-2025 12:30:17"
}
{
  "level": "debug",
  "message": "Created new WX token DB record: [{\"id\":1,\"access_token\":\"ZjE0NDNkZmEtNzIyNy00OGE2LWIzODQtYjQxOGU1NTBkZGFhZDE1OWRjY2MtMzRi_PF84_4f25a9a0-32e6-445f-b347-d920b9b857be\",\"expires_in\":1209599,\"refresh_token\":\"R2E1NzA0NjktYWNjZi00NTMwLWFhODQtNzgwM2VkZmNjY2RkMzQ1ZWI1Y2ItNmNi_PF84_4f25a9a0-32e6-445f-b347-d920b9b857be\",\"refresh_token_expires_in\":7706844,\"token_type\":\"Bearer\",\"scope\":\"cjp:config_write cjp:config_read\"},null]",
  "timestamp": "Oct-20-2025 12:30:17"
}
{
  "level": "debug",
  "message": "Trying request for WX Token with params: {\"grant_type\":\"refresh_token\",\"client_id\":\"C2dee08fe0c3cdfb22000cedd22a99e24fa1120d948416d67ee49b2f889e69d2c\",\"client_secret\":\"c0ce4cc51127444b90ac2f9a908a860f60b528bb86a08c7b721bccb301a0ff22\",\"refresh_token\":\"R2E1NzA0NjktYWNjZi00NTMwLWFhODQtNzgwM2VkZmNjY2RkMzQ1ZWI1Y2ItNmNi_PF84_4f25a9a0-32e6-445f-b347-d920b9b857be\"}",
  "timestamp": "Oct-20-2025 12:45:16"
}
{
  "level": "debug",
  "message": "Trying CA token request with params: {\"client_id\":\"5KLMJtqxDnthworg\",\"client_secret\":\";L/89v(NA*uUS?Mq/>f\",\"scope\":\"TeleSig_19\"}",
  "timestamp": "Oct-20-2025 12:45:16"
}
{
  "level": "info",
  "message": "Storing in CA token database: {\"access_token\":\"-EUo7dWiz1ztwvDdXzULWfUXUtA\",\"scope\":\"TeleSig_19\",\"token_type\":\"Bearer\",\"expires_in\":1229}",
  "timestamp": "Oct-20-2025 12:45:17"
}
{
  "level": "debug",
  "message": "lacts.db - Executing (default): SELECT `id`, `access_token`, `scope`, `token_type`, `expires_in`, `createdAt`, `updatedAt` FROM `caltokens` AS `caltokens` WHERE `caltokens`.`id` = 1;",
  "timestamp": "Oct-20-2025 12:45:17"
}
{
  "level": "info",
  "message": "Found existing token details in CA DB: {\"id\":1,\"access_token\":\"ihCpqF6YP4o-4j98LSl-iDq2LBM\",\"scope\":\"TeleSig_19\",\"token_type\":\"Bearer\",\"expires_in\":1229,\"createdAt\":\"2025-10-20T17:30:16.980Z\",\"updatedAt\":\"2025-10-20T19:30:17.205Z\"} updating with this data:-> {\"access_token\":\"-EUo7dWiz1ztwvDdXzULWfUXUtA\",\"scope\":\"TeleSig_19\",\"token_type\":\"Bearer\",\"expires_in\":1229}",
  "timestamp": "Oct-20-2025 12:45:17"
}
{
  "level": "debug",
  "message": "lacts.db - Executing (default): INSERT INTO `caltokens` (`id`,`access_token`,`scope`,`token_type`,`expires_in`,`createdAt`,`updatedAt`) VALUES ($1,$2,$3,$4,$5,$6,$7) ON CONFLICT (`id`) DO UPDATE SET `id`=EXCLUDED.`id`,`access_token`=EXCLUDED.`access_token`,`scope`=EXCLUDED.`scope`,`expires_in`=EXCLUDED.`expires_in`,`token_type`=EXCLUDED.`token_type`,`updatedAt`=EXCLUDED.`updatedAt`;",
  "timestamp": "Oct-20-2025 12:45:17"
}
{
  "level": "debug",
  "message": "Created new CA DB record: [{\"id\":1,\"access_token\":\"-EUo7dWiz1ztwvDdXzULWfUXUtA\",\"scope\":\"TeleSig_19\",\"expires_in\":1229,\"token_type\":\"Bearer\"},null]",
  "timestamp": "Oct-20-2025 12:45:17"
}
{
  "level": "info",
  "message": "Storing in WX token database: {\"access_token\":\"OTBlNjgyMmQtZDBjYS00MmJjLWE2MzgtYzQyZDAyNTkzNGY3OGRiZjE1ZWUtYWE4_PF84_4f25a9a0-32e6-445f-b347-d920b9b857be\",\"expires_in\":1209599,\"refresh_token\":\"R2E1NzA0NjktYWNjZi00NTMwLWFhODQtNzgwM2VkZmNjY2RkMzQ1ZWI1Y2ItNmNi_PF84_4f25a9a0-32e6-445f-b347-d920b9b857be\",\"refresh_token_expires_in\":7705944,\"token_type\":\"Bearer\",\"scope\":\"cjp:config_write cjp:config_read\"}",
  "timestamp": "Oct-20-2025 12:45:17"
}
{
  "level": "debug",
  "message": "lacts.db - Executing (default): SELECT `id`, `access_token`, `expires_in`, `refresh_token`, `refresh_token_expires_in`, `token_type`, `scope`, `createdAt`, `updatedAt` FROM `wxtokens` AS `wxtokens` WHERE `wxtokens`.`id` = 1;",
  "timestamp": "Oct-20-2025 12:45:17"
}
{
  "level": "info",
  "message": "Found existing token details in WX DB: {\"id\":\"1\",\"access_token\":\"ZjE0NDNkZmEtNzIyNy00OGE2LWIzODQtYjQxOGU1NTBkZGFhZDE1OWRjY2MtMzRi_PF84_4f25a9a0-32e6-445f-b347-d920b9b857be\",\"expires_in\":1209599,\"refresh_token\":\"R2E1NzA0NjktYWNjZi00NTMwLWFhODQtNzgwM2VkZmNjY2RkMzQ1ZWI1Y2ItNmNi_PF84_4f25a9a0-32e6-445f-b347-d920b9b857be\",\"refresh_token_expires_in\":7706844,\"token_type\":\"Bearer\",\"scope\":\"cjp:config_write cjp:config_read\",\"createdAt\":\"2025-10-20T17:30:17.065Z\",\"updatedAt\":\"2025-10-20T19:30:17.291Z\"} updating with this data:-> {\"access_token\":\"OTBlNjgyMmQtZDBjYS00MmJjLWE2MzgtYzQyZDAyNTkzNGY3OGRiZjE1ZWUtYWE4_PF84_4f25a9a0-32e6-445f-b347-d920b9b857be\",\"expires_in\":1209599,\"refresh_token\":\"R2E1NzA0NjktYWNjZi00NTMwLWFhODQtNzgwM2VkZmNjY2RkMzQ1ZWI1Y2ItNmNi_PF84_4f25a9a0-32e6-445f-b347-d920b9b857be\",\"refresh_token_expires_in\":7705944,\"token_type\":\"Bearer\",\"scope\":\"cjp:config_write cjp:config_read\"}",
  "timestamp": "Oct-20-2025 12:45:17"
}
{
  "level": "debug",
  "message": "lacts.db - Executing (default): INSERT INTO `wxtokens` (`id`,`access_token`,`expires_in`,`refresh_token`,`refresh_token_expires_in`,`token_type`,`scope`,`createdAt`,`updatedAt`) VALUES ($1,$2,$3,$4,$5,$6,$7,$8,$9) ON CONFLICT (`id`) DO UPDATE SET `id`=EXCLUDED.`id`,`access_token`=EXCLUDED.`access_token`,`expires_in`=EXCLUDED.`expires_in`,`refresh_token`=EXCLUDED.`refresh_token`,`refresh_token_expires_in`=EXCLUDED.`refresh_token_expires_in`,`token_type`=EXCLUDED.`token_type`,`scope`=EXCLUDED.`scope`,`updatedAt`=EXCLUDED.`updatedAt`;",
  "timestamp": "Oct-20-2025 12:45:17"
}
{
  "level": "debug",
  "message": "Created new WX token DB record: [{\"id\":1,\"access_token\":\"OTBlNjgyMmQtZDBjYS00MmJjLWE2MzgtYzQyZDAyNTkzNGY3OGRiZjE1ZWUtYWE4_PF84_4f25a9a0-32e6-445f-b347-d920b9b857be\",\"expires_in\":1209599,\"refresh_token\":\"R2E1NzA0NjktYWNjZi00NTMwLWFhODQtNzgwM2VkZmNjY2RkMzQ1ZWI1Y2ItNmNi_PF84_4f25a9a0-32e6-445f-b347-d920b9b857be\",\"refresh_token_expires_in\":7705944,\"token_type\":\"Bearer\",\"scope\":\"cjp:config_write cjp:config_read\"},null]",
  "timestamp": "Oct-20-2025 12:45:17"
}
{
  "level": "info",
  "message": "Server starting",
  "timestamp": "Oct-20-2025 12:47:35"
}
{
  "level": "info",
  "message": "LOG_LEVEL -debug",
  "timestamp": "Oct-20-2025 12:47:35"
}
{
  "level": "info",
  "message": "WEBHOOK_URL -https://zjwalsh-vmware.tail4794a2.ts.net/webhook/webhook",
  "timestamp": "Oct-20-2025 12:47:35"
}
{
  "level": "info",
  "message": "WXCLIENT_ID -C2dee08fe0c3cdfb22000cedd22a99e24fa1120d948416d67ee49b2f889e69d2c",
  "timestamp": "Oct-20-2025 12:47:35"
}
{
  "level": "info",
  "message": "WXCLIENT_ORGID -4f25a9a0-32e6-445f-b347-d920b9b857be",
  "timestamp": "Oct-20-2025 12:47:35"
}
{
  "level": "info",
  "message": "WXCLIENT_SECRET -c0ce4cc51127444b90ac2f9a908a860f60b528bb86a08c7b721bccb301a0ff22",
  "timestamp": "Oct-20-2025 12:47:35"
}
{
  "level": "debug",
  "message": "Delete all records in WX Token database.",
  "timestamp": "Oct-20-2025 12:47:35"
}
{
  "level": "debug",
  "message": "Delete all records in caltokens.",
  "timestamp": "Oct-20-2025 12:47:35"
}
{
  "level": "debug",
  "message": "Trying request for WX Token with params: {\"grant_type\":\"refresh_token\",\"client_id\":\"C2dee08fe0c3cdfb22000cedd22a99e24fa1120d948416d67ee49b2f889e69d2c\",\"client_secret\":\"c0ce4cc51127444b90ac2f9a908a860f60b528bb86a08c7b721bccb301a0ff22\",\"refresh_token\":\"R2E1NzA0NjktYWNjZi00NTMwLWFhODQtNzgwM2VkZmNjY2RkMzQ1ZWI1Y2ItNmNi_PF84_4f25a9a0-32e6-445f-b347-d920b9b857be\"}",
  "timestamp": "Oct-20-2025 12:47:35"
}
{
  "level": "debug",
  "message": "Trying CA token request with params: {\"client_id\":\"5KLMJtqxDnthworg\",\"client_secret\":\";L/89v(NA*uUS?Mq/>f\",\"scope\":\"TeleSig_19\"}",
  "timestamp": "Oct-20-2025 12:47:35"
}
{
  "level": "debug",
  "message": "Find all Subscription  ",
  "timestamp": "Oct-20-2025 12:47:35"
}
{
  "level": "debug",
  "message": "✓ Exposed /tsforms-widget.styles.css -> /home/zjwalsh/Projects/TSMiddleware/server/public/build/static/css/main.053ecd0c.css",
  "timestamp": "Oct-20-2025 12:47:35"
}
{
  "level": "debug",
  "message": "✓ Exposed /tsforms-widget.bundle.js -> /home/zjwalsh/Projects/TSMiddleware/server/public/build/static/js/main.33fc2121.js",
  "timestamp": "Oct-20-2025 12:47:35"
}
{
  "level": "debug",
  "message": "✓ Serving static build files from: /home/zjwalsh/Projects/TSMiddleware/server/public/build",
  "timestamp": "Oct-20-2025 12:47:35"
}
{
  "level": "debug",
  "message": "\n🚀 TSForms server running on port 8443",
  "timestamp": "Oct-20-2025 12:47:35"
}
{
  "level": "debug",
  "message": "📡 API: http://localhost:8443/telephonic-signature/api",
  "timestamp": "Oct-20-2025 12:47:35"
}
{
  "level": "debug",
  "message": "✓ PRODUCTION mode - serving React app at http://localhost:8443",
  "timestamp": "Oct-20-2025 12:47:35"
}
{
  "level": "debug",
  "message": "lacts.db - Executing (default): DELETE FROM `caltokens`",
  "timestamp": "Oct-20-2025 12:47:35"
}
{
  "level": "debug",
  "message": "lacts.db - Executing (default): SELECT name FROM sqlite_master WHERE type='table' AND name='wxtokens';",
  "timestamp": "Oct-20-2025 12:47:35"
}
{
  "level": "debug",
  "message": "lacts.db - Executing (default): SELECT `id`, `name`, `description`, `evenTypes`, `destinationUrl`, `status`, `createdBy`, `createdTime`, `createdAt`, `updatedAt` FROM `subscriptions` AS `subscriptions` LIMIT 1;",
  "timestamp": "Oct-20-2025 12:47:35"
}
{
  "level": "debug",
  "message": "lacts.db - Executing (default): DELETE FROM `wxtokens`",
  "timestamp": "Oct-20-2025 12:47:35"
}
{
  "level": "debug",
  "message": "lacts.db - Executing (default): PRAGMA INDEX_LIST(`wxtokens`)",
  "timestamp": "Oct-20-2025 12:47:35"
}
{
  "level": "debug",
  "message": "Error trying to find Subscriptions - Cannot read properties of undefined (reading 'dataValues')",
  "timestamp": "Oct-20-2025 12:47:35"
}
{
  "level": "info",
  "message": "Initializing the Scheduler..",
  "timestamp": "Oct-20-2025 12:47:35"
}
{
  "level": "info",
  "message": "Initializing the Scheduler - job_getWXRefreshToken",
  "timestamp": "Oct-20-2025 12:47:35"
}
{
  "level": "info",
  "message": "Initializing the Scheduler - job_getCAAccessToken",
  "timestamp": "Oct-20-2025 12:47:35"
}
{
  "level": "debug",
  "message": "lacts.db - Executing (default): PRAGMA INDEX_INFO(`sqlite_autoindex_wxtokens_1`)",
  "timestamp": "Oct-20-2025 12:47:35"
}
{
  "level": "debug",
  "message": "lacts.db - Executing (default): SELECT name FROM sqlite_master WHERE type='table' AND name='caltokens';",
  "timestamp": "Oct-20-2025 12:47:35"
}
{
  "level": "debug",
  "message": "lacts.db - Executing (default): PRAGMA INDEX_LIST(`caltokens`)",
  "timestamp": "Oct-20-2025 12:47:35"
}
{
  "level": "debug",
  "message": "lacts.db - Executing (default): SELECT name FROM sqlite_master WHERE type='table' AND name='subscriptions';",
  "timestamp": "Oct-20-2025 12:47:35"
}
{
  "level": "debug",
  "message": "lacts.db - Executing (default): PRAGMA INDEX_LIST(`subscriptions`)",
  "timestamp": "Oct-20-2025 12:47:35"
}
{
  "level": "debug",
  "message": "lacts.db - Executing (default): PRAGMA INDEX_INFO(`sqlite_autoindex_subscriptions_1`)",
  "timestamp": "Oct-20-2025 12:47:35"
}
{
  "level": "debug",
  "message": "lacts.db - Executing (default): SELECT name FROM sqlite_master WHERE type='table' AND name='wxAgents';",
  "timestamp": "Oct-20-2025 12:47:35"
}
{
  "level": "debug",
  "message": "lacts.db - Executing (default): PRAGMA INDEX_LIST(`wxAgents`)",
  "timestamp": "Oct-20-2025 12:47:35"
}
{
  "level": "debug",
  "message": "lacts.db - Executing (default): PRAGMA INDEX_INFO(`sqlite_autoindex_wxAgents_1`)",
  "timestamp": "Oct-20-2025 12:47:35"
}
{
  "level": "info",
  "message": "DB Connected!",
  "timestamp": "Oct-20-2025 12:47:35"
}
{
  "level": "info",
  "message": "Storing in CA token database: {\"access_token\":\"FCs1f5x6577-227ulw1e5hz7FU8\",\"scope\":\"TeleSig_19\",\"token_type\":\"Bearer\",\"expires_in\":1229}",
  "timestamp": "Oct-20-2025 12:47:38"
}
{
  "level": "debug",
  "message": "lacts.db - Executing (default): SELECT `id`, `access_token`, `scope`, `token_type`, `expires_in`, `createdAt`, `updatedAt` FROM `caltokens` AS `caltokens` WHERE `caltokens`.`id` = 1;",
  "timestamp": "Oct-20-2025 12:47:38"
}
{
  "level": "info",
  "message": "No Existing token found in CA Database, updating / creating first one..",
  "timestamp": "Oct-20-2025 12:47:38"
}
{
  "level": "debug",
  "message": "lacts.db - Executing (default): INSERT INTO `caltokens` (`id`,`access_token`,`scope`,`token_type`,`expires_in`,`createdAt`,`updatedAt`) VALUES ($1,$2,$3,$4,$5,$6,$7) ON CONFLICT (`id`) DO UPDATE SET `id`=EXCLUDED.`id`,`access_token`=EXCLUDED.`access_token`,`scope`=EXCLUDED.`scope`,`expires_in`=EXCLUDED.`expires_in`,`token_type`=EXCLUDED.`token_type`,`updatedAt`=EXCLUDED.`updatedAt`;",
  "timestamp": "Oct-20-2025 12:47:38"
}
{
  "level": "debug",
  "message": "Created new CA DB record: [{\"id\":1,\"access_token\":\"FCs1f5x6577-227ulw1e5hz7FU8\",\"scope\":\"TeleSig_19\",\"expires_in\":1229,\"token_type\":\"Bearer\"},null]",
  "timestamp": "Oct-20-2025 12:47:38"
}
{
  "level": "info",
  "message": "Storing in WX token database: {\"access_token\":\"NTk1MzdjYzgtOGEwOC00Y2UxLTljYmQtY2Y3OWY5ZWM4YjhmYzM0MzcwZmQtMTI1_PF84_4f25a9a0-32e6-445f-b347-d920b9b857be\",\"expires_in\":1209599,\"refresh_token\":\"R2E1NzA0NjktYWNjZi00NTMwLWFhODQtNzgwM2VkZmNjY2RkMzQ1ZWI1Y2ItNmNi_PF84_4f25a9a0-32e6-445f-b347-d920b9b857be\",\"refresh_token_expires_in\":7705803,\"token_type\":\"Bearer\",\"scope\":\"cjp:config_write cjp:config_read\"}",
  "timestamp": "Oct-20-2025 12:47:38"
}
{
  "level": "debug",
  "message": "lacts.db - Executing (default): SELECT `id`, `access_token`, `expires_in`, `refresh_token`, `refresh_token_expires_in`, `token_type`, `scope`, `createdAt`, `updatedAt` FROM `wxtokens` AS `wxtokens` WHERE `wxtokens`.`id` = 1;",
  "timestamp": "Oct-20-2025 12:47:38"
}
{
  "level": "info",
  "message": "No Existing WX token found, updating / creating first one..",
  "timestamp": "Oct-20-2025 12:47:38"
}
{
  "level": "debug",
  "message": "lacts.db - Executing (default): INSERT INTO `wxtokens` (`id`,`access_token`,`expires_in`,`refresh_token`,`refresh_token_expires_in`,`token_type`,`scope`,`createdAt`,`updatedAt`) VALUES ($1,$2,$3,$4,$5,$6,$7,$8,$9) ON CONFLICT (`id`) DO UPDATE SET `id`=EXCLUDED.`id`,`access_token`=EXCLUDED.`access_token`,`expires_in`=EXCLUDED.`expires_in`,`refresh_token`=EXCLUDED.`refresh_token`,`refresh_token_expires_in`=EXCLUDED.`refresh_token_expires_in`,`token_type`=EXCLUDED.`token_type`,`scope`=EXCLUDED.`scope`,`updatedAt`=EXCLUDED.`updatedAt`;",
  "timestamp": "Oct-20-2025 12:47:38"
}
{
  "level": "debug",
  "message": "Created new WX token DB record: [{\"id\":1,\"access_token\":\"NTk1MzdjYzgtOGEwOC00Y2UxLTljYmQtY2Y3OWY5ZWM4YjhmYzM0MzcwZmQtMTI1_PF84_4f25a9a0-32e6-445f-b347-d920b9b857be\",\"expires_in\":1209599,\"refresh_token\":\"R2E1NzA0NjktYWNjZi00NTMwLWFhODQtNzgwM2VkZmNjY2RkMzQ1ZWI1Y2ItNmNi_PF84_4f25a9a0-32e6-445f-b347-d920b9b857be\",\"refresh_token_expires_in\":7705803,\"token_type\":\"Bearer\",\"scope\":\"cjp:config_write cjp:config_read\"},null]",
  "timestamp": "Oct-20-2025 12:47:38"
}
{
  "level": "info",
  "message": "Server starting",
  "timestamp": "Oct-20-2025 12:52:52"
}
{
  "level": "info",
  "message": "LOG_LEVEL -debug",
  "timestamp": "Oct-20-2025 12:52:52"
}
{
  "level": "info",
  "message": "WEBHOOK_URL -https://zjwalsh-vmware.tail4794a2.ts.net/webhook/webhook",
  "timestamp": "Oct-20-2025 12:52:52"
}
{
  "level": "info",
  "message": "WXCLIENT_ID -C2dee08fe0c3cdfb22000cedd22a99e24fa1120d948416d67ee49b2f889e69d2c",
  "timestamp": "Oct-20-2025 12:52:52"
}
{
  "level": "info",
  "message": "WXCLIENT_ORGID -4f25a9a0-32e6-445f-b347-d920b9b857be",
  "timestamp": "Oct-20-2025 12:52:52"
}
{
  "level": "info",
  "message": "WXCLIENT_SECRET -c0ce4cc51127444b90ac2f9a908a860f60b528bb86a08c7b721bccb301a0ff22",
  "timestamp": "Oct-20-2025 12:52:52"
}
{
  "level": "debug",
  "message": "Delete all records in WX Token database.",
  "timestamp": "Oct-20-2025 12:52:52"
}
{
  "level": "debug",
  "message": "Delete all records in caltokens.",
  "timestamp": "Oct-20-2025 12:52:52"
}
{
  "level": "debug",
  "message": "Trying request for WX Token with params: {\"grant_type\":\"refresh_token\",\"client_id\":\"C2dee08fe0c3cdfb22000cedd22a99e24fa1120d948416d67ee49b2f889e69d2c\",\"client_secret\":\"c0ce4cc51127444b90ac2f9a908a860f60b528bb86a08c7b721bccb301a0ff22\",\"refresh_token\":\"R2E1NzA0NjktYWNjZi00NTMwLWFhODQtNzgwM2VkZmNjY2RkMzQ1ZWI1Y2ItNmNi_PF84_4f25a9a0-32e6-445f-b347-d920b9b857be\"}",
  "timestamp": "Oct-20-2025 12:52:52"
}
{
  "level": "debug",
  "message": "Trying CA token request with params: {\"client_id\":\"5KLMJtqxDnthworg\",\"client_secret\":\";L/89v(NA*uUS?Mq/>f\",\"scope\":\"TeleSig_19\"}",
  "timestamp": "Oct-20-2025 12:52:52"
}
{
  "level": "debug",
  "message": "Find all Subscription  ",
  "timestamp": "Oct-20-2025 12:52:52"
}
{
  "level": "debug",
  "message": "✓ Exposed /tsforms-widget.styles.css -> /home/zjwalsh/Projects/TSMiddleware/server/public/build/static/css/main.053ecd0c.css",
  "timestamp": "Oct-20-2025 12:52:52"
}
{
  "level": "debug",
  "message": "✓ Exposed /tsforms-widget.bundle.js -> /home/zjwalsh/Projects/TSMiddleware/server/public/build/static/js/main.76a2e09e.js",
  "timestamp": "Oct-20-2025 12:52:52"
}
{
  "level": "debug",
  "message": "✓ Serving static build files from: /home/zjwalsh/Projects/TSMiddleware/server/public/build",
  "timestamp": "Oct-20-2025 12:52:52"
}
{
  "level": "debug",
  "message": "\n🚀 TSForms server running on port 8443",
  "timestamp": "Oct-20-2025 12:52:52"
}
{
  "level": "debug",
  "message": "📡 API: http://localhost:8443/telephonic-signature/api",
  "timestamp": "Oct-20-2025 12:52:52"
}
{
  "level": "debug",
  "message": "✓ PRODUCTION mode - serving React app at http://localhost:8443",
  "timestamp": "Oct-20-2025 12:52:52"
}
{
  "level": "debug",
  "message": "lacts.db - Executing (default): DELETE FROM `caltokens`",
  "timestamp": "Oct-20-2025 12:52:52"
}
{
  "level": "debug",
  "message": "lacts.db - Executing (default): SELECT name FROM sqlite_master WHERE type='table' AND name='wxtokens';",
  "timestamp": "Oct-20-2025 12:52:52"
}
{
  "level": "debug",
  "message": "lacts.db - Executing (default): SELECT `id`, `name`, `description`, `evenTypes`, `destinationUrl`, `status`, `createdBy`, `createdTime`, `createdAt`, `updatedAt` FROM `subscriptions` AS `subscriptions` LIMIT 1;",
  "timestamp": "Oct-20-2025 12:52:52"
}
{
  "level": "debug",
  "message": "lacts.db - Executing (default): DELETE FROM `wxtokens`",
  "timestamp": "Oct-20-2025 12:52:52"
}
{
  "level": "debug",
  "message": "lacts.db - Executing (default): PRAGMA INDEX_LIST(`wxtokens`)",
  "timestamp": "Oct-20-2025 12:52:52"
}
{
  "level": "debug",
  "message": "Error trying to find Subscriptions - Cannot read properties of undefined (reading 'dataValues')",
  "timestamp": "Oct-20-2025 12:52:53"
}
{
  "level": "info",
  "message": "Initializing the Scheduler..",
  "timestamp": "Oct-20-2025 12:52:53"
}
{
  "level": "info",
  "message": "Initializing the Scheduler - job_getWXRefreshToken",
  "timestamp": "Oct-20-2025 12:52:53"
}
{
  "level": "info",
  "message": "Initializing the Scheduler - job_getCAAccessToken",
  "timestamp": "Oct-20-2025 12:52:53"
}
{
  "level": "debug",
  "message": "lacts.db - Executing (default): PRAGMA INDEX_INFO(`sqlite_autoindex_wxtokens_1`)",
  "timestamp": "Oct-20-2025 12:52:53"
}
{
  "level": "debug",
  "message": "lacts.db - Executing (default): SELECT name FROM sqlite_master WHERE type='table' AND name='caltokens';",
  "timestamp": "Oct-20-2025 12:52:53"
}
{
  "level": "debug",
  "message": "lacts.db - Executing (default): PRAGMA INDEX_LIST(`caltokens`)",
  "timestamp": "Oct-20-2025 12:52:53"
}
{
  "level": "debug",
  "message": "lacts.db - Executing (default): SELECT name FROM sqlite_master WHERE type='table' AND name='subscriptions';",
  "timestamp": "Oct-20-2025 12:52:53"
}
{
  "level": "debug",
  "message": "lacts.db - Executing (default): PRAGMA INDEX_LIST(`subscriptions`)",
  "timestamp": "Oct-20-2025 12:52:53"
}
{
  "level": "debug",
  "message": "lacts.db - Executing (default): PRAGMA INDEX_INFO(`sqlite_autoindex_subscriptions_1`)",
  "timestamp": "Oct-20-2025 12:52:53"
}
{
  "level": "debug",
  "message": "lacts.db - Executing (default): SELECT name FROM sqlite_master WHERE type='table' AND name='wxAgents';",
  "timestamp": "Oct-20-2025 12:52:53"
}
{
  "level": "debug",
  "message": "lacts.db - Executing (default): PRAGMA INDEX_LIST(`wxAgents`)",
  "timestamp": "Oct-20-2025 12:52:53"
}
{
  "level": "debug",
  "message": "lacts.db - Executing (default): PRAGMA INDEX_INFO(`sqlite_autoindex_wxAgents_1`)",
  "timestamp": "Oct-20-2025 12:52:53"
}
{
  "level": "info",
  "message": "DB Connected!",
  "timestamp": "Oct-20-2025 12:52:53"
}
{
  "level": "info",
  "message": "Storing in CA token database: {\"access_token\":\"gxatZ20ZN2GLzLBUdgVWgi-zYKw\",\"scope\":\"TeleSig_19\",\"token_type\":\"Bearer\",\"expires_in\":1229}",
  "timestamp": "Oct-20-2025 12:52:53"
}
{
  "level": "debug",
  "message": "lacts.db - Executing (default): SELECT `id`, `access_token`, `scope`, `token_type`, `expires_in`, `createdAt`, `updatedAt` FROM `caltokens` AS `caltokens` WHERE `caltokens`.`id` = 1;",
  "timestamp": "Oct-20-2025 12:52:53"
}
{
  "level": "info",
  "message": "No Existing token found in CA Database, updating / creating first one..",
  "timestamp": "Oct-20-2025 12:52:53"
}
{
  "level": "debug",
  "message": "lacts.db - Executing (default): INSERT INTO `caltokens` (`id`,`access_token`,`scope`,`token_type`,`expires_in`,`createdAt`,`updatedAt`) VALUES ($1,$2,$3,$4,$5,$6,$7) ON CONFLICT (`id`) DO UPDATE SET `id`=EXCLUDED.`id`,`access_token`=EXCLUDED.`access_token`,`scope`=EXCLUDED.`scope`,`expires_in`=EXCLUDED.`expires_in`,`token_type`=EXCLUDED.`token_type`,`updatedAt`=EXCLUDED.`updatedAt`;",
  "timestamp": "Oct-20-2025 12:52:53"
}
{
  "level": "debug",
  "message": "Created new CA DB record: [{\"id\":1,\"access_token\":\"gxatZ20ZN2GLzLBUdgVWgi-zYKw\",\"scope\":\"TeleSig_19\",\"expires_in\":1229,\"token_type\":\"Bearer\"},null]",
  "timestamp": "Oct-20-2025 12:52:53"
}
{
  "level": "info",
  "message": "Storing in WX token database: {\"access_token\":\"ODY2ZWMzNTQtZGI3My00NGJhLTk2OGQtZjRjYjgxNTVkY2U1ZDc1OTQ4MmYtNTM3_PF84_4f25a9a0-32e6-445f-b347-d920b9b857be\",\"expires_in\":1209599,\"refresh_token\":\"R2E1NzA0NjktYWNjZi00NTMwLWFhODQtNzgwM2VkZmNjY2RkMzQ1ZWI1Y2ItNmNi_PF84_4f25a9a0-32e6-445f-b347-d920b9b857be\",\"refresh_token_expires_in\":7705488,\"token_type\":\"Bearer\",\"scope\":\"cjp:config_write cjp:config_read\"}",
  "timestamp": "Oct-20-2025 12:52:53"
}
{
  "level": "debug",
  "message": "lacts.db - Executing (default): SELECT `id`, `access_token`, `expires_in`, `refresh_token`, `refresh_token_expires_in`, `token_type`, `scope`, `createdAt`, `updatedAt` FROM `wxtokens` AS `wxtokens` WHERE `wxtokens`.`id` = 1;",
  "timestamp": "Oct-20-2025 12:52:53"
}
{
  "level": "info",
  "message": "No Existing WX token found, updating / creating first one..",
  "timestamp": "Oct-20-2025 12:52:53"
}
{
  "level": "debug",
  "message": "lacts.db - Executing (default): INSERT INTO `wxtokens` (`id`,`access_token`,`expires_in`,`refresh_token`,`refresh_token_expires_in`,`token_type`,`scope`,`createdAt`,`updatedAt`) VALUES ($1,$2,$3,$4,$5,$6,$7,$8,$9) ON CONFLICT (`id`) DO UPDATE SET `id`=EXCLUDED.`id`,`access_token`=EXCLUDED.`access_token`,`expires_in`=EXCLUDED.`expires_in`,`refresh_token`=EXCLUDED.`refresh_token`,`refresh_token_expires_in`=EXCLUDED.`refresh_token_expires_in`,`token_type`=EXCLUDED.`token_type`,`scope`=EXCLUDED.`scope`,`updatedAt`=EXCLUDED.`updatedAt`;",
  "timestamp": "Oct-20-2025 12:52:53"
}
{
  "level": "debug",
  "message": "Created new WX token DB record: [{\"id\":1,\"access_token\":\"ODY2ZWMzNTQtZGI3My00NGJhLTk2OGQtZjRjYjgxNTVkY2U1ZDc1OTQ4MmYtNTM3_PF84_4f25a9a0-32e6-445f-b347-d920b9b857be\",\"expires_in\":1209599,\"refresh_token\":\"R2E1NzA0NjktYWNjZi00NTMwLWFhODQtNzgwM2VkZmNjY2RkMzQ1ZWI1Y2ItNmNi_PF84_4f25a9a0-32e6-445f-b347-d920b9b857be\",\"refresh_token_expires_in\":7705488,\"token_type\":\"Bearer\",\"scope\":\"cjp:config_write cjp:config_read\"},null]",
  "timestamp": "Oct-20-2025 12:52:53"
}
{
  "level": "info",
  "message": "Server starting",
  "timestamp": "Oct-20-2025 12:59:11"
}
{
  "level": "info",
  "message": "LOG_LEVEL -debug",
  "timestamp": "Oct-20-2025 12:59:11"
}
{
  "level": "info",
  "message": "WEBHOOK_URL -https://zjwalsh-vmware.tail4794a2.ts.net/webhook/webhook",
  "timestamp": "Oct-20-2025 12:59:11"
}
{
  "level": "info",
  "message": "WXCLIENT_ID -C2dee08fe0c3cdfb22000cedd22a99e24fa1120d948416d67ee49b2f889e69d2c",
  "timestamp": "Oct-20-2025 12:59:11"
}
{
  "level": "info",
  "message": "WXCLIENT_ORGID -4f25a9a0-32e6-445f-b347-d920b9b857be",
  "timestamp": "Oct-20-2025 12:59:11"
}
{
  "level": "info",
  "message": "WXCLIENT_SECRET -c0ce4cc51127444b90ac2f9a908a860f60b528bb86a08c7b721bccb301a0ff22",
  "timestamp": "Oct-20-2025 12:59:11"
}
{
  "level": "debug",
  "message": "Delete all records in WX Token database.",
  "timestamp": "Oct-20-2025 12:59:11"
}
{
  "level": "debug",
  "message": "Delete all records in caltokens.",
  "timestamp": "Oct-20-2025 12:59:11"
}
{
  "level": "debug",
  "message": "Trying request for WX Token with params: {\"grant_type\":\"refresh_token\",\"client_id\":\"C2dee08fe0c3cdfb22000cedd22a99e24fa1120d948416d67ee49b2f889e69d2c\",\"client_secret\":\"c0ce4cc51127444b90ac2f9a908a860f60b528bb86a08c7b721bccb301a0ff22\",\"refresh_token\":\"R2E1NzA0NjktYWNjZi00NTMwLWFhODQtNzgwM2VkZmNjY2RkMzQ1ZWI1Y2ItNmNi_PF84_4f25a9a0-32e6-445f-b347-d920b9b857be\"}",
  "timestamp": "Oct-20-2025 12:59:11"
}
{
  "level": "debug",
  "message": "Trying CA token request with params: {\"client_id\":\"5KLMJtqxDnthworg\",\"client_secret\":\";L/89v(NA*uUS?Mq/>f\",\"scope\":\"TeleSig_19\"}",
  "timestamp": "Oct-20-2025 12:59:11"
}
{
  "level": "debug",
  "message": "Find all Subscription  ",
  "timestamp": "Oct-20-2025 12:59:11"
}
{
  "level": "debug",
  "message": "✓ Exposed /tsforms-widget.styles.css -> /home/zjwalsh/Projects/TSMiddleware/server/public/build/static/css/main.2d6a50ef.css",
  "timestamp": "Oct-20-2025 12:59:11"
}
{
  "level": "debug",
  "message": "✓ Exposed /tsforms-widget.bundle.js -> /home/zjwalsh/Projects/TSMiddleware/server/public/build/static/js/main.191c0b8a.js",
  "timestamp": "Oct-20-2025 12:59:11"
}
{
  "level": "debug",
  "message": "✓ Serving static build files from: /home/zjwalsh/Projects/TSMiddleware/server/public/build",
  "timestamp": "Oct-20-2025 12:59:11"
}
{
  "level": "debug",
  "message": "\n🚀 TSForms server running on port 8443",
  "timestamp": "Oct-20-2025 12:59:11"
}
{
  "level": "debug",
  "message": "📡 API: http://localhost:8443/telephonic-signature/api",
  "timestamp": "Oct-20-2025 12:59:11"
}
{
  "level": "debug",
  "message": "✓ PRODUCTION mode - serving React app at http://localhost:8443",
  "timestamp": "Oct-20-2025 12:59:11"
}
{
  "level": "debug",
  "message": "lacts.db - Executing (default): DELETE FROM `caltokens`",
  "timestamp": "Oct-20-2025 12:59:11"
}
{
  "level": "debug",
  "message": "lacts.db - Executing (default): SELECT name FROM sqlite_master WHERE type='table' AND name='wxtokens';",
  "timestamp": "Oct-20-2025 12:59:11"
}
{
  "level": "debug",
  "message": "lacts.db - Executing (default): SELECT `id`, `name`, `description`, `evenTypes`, `destinationUrl`, `status`, `createdBy`, `createdTime`, `createdAt`, `updatedAt` FROM `subscriptions` AS `subscriptions` LIMIT 1;",
  "timestamp": "Oct-20-2025 12:59:11"
}
{
  "level": "debug",
  "message": "lacts.db - Executing (default): DELETE FROM `wxtokens`",
  "timestamp": "Oct-20-2025 12:59:11"
}
{
  "level": "debug",
  "message": "lacts.db - Executing (default): PRAGMA INDEX_LIST(`wxtokens`)",
  "timestamp": "Oct-20-2025 12:59:11"
}
{
  "level": "debug",
  "message": "Error trying to find Subscriptions - Cannot read properties of undefined (reading 'dataValues')",
  "timestamp": "Oct-20-2025 12:59:11"
}
{
  "level": "info",
  "message": "Initializing the Scheduler..",
  "timestamp": "Oct-20-2025 12:59:11"
}
{
  "level": "info",
  "message": "Initializing the Scheduler - job_getWXRefreshToken",
  "timestamp": "Oct-20-2025 12:59:11"
}
{
  "level": "info",
  "message": "Initializing the Scheduler - job_getCAAccessToken",
  "timestamp": "Oct-20-2025 12:59:11"
}
{
  "level": "debug",
  "message": "lacts.db - Executing (default): PRAGMA INDEX_INFO(`sqlite_autoindex_wxtokens_1`)",
  "timestamp": "Oct-20-2025 12:59:11"
}
{
  "level": "debug",
  "message": "lacts.db - Executing (default): SELECT name FROM sqlite_master WHERE type='table' AND name='caltokens';",
  "timestamp": "Oct-20-2025 12:59:11"
}
{
  "level": "debug",
  "message": "lacts.db - Executing (default): PRAGMA INDEX_LIST(`caltokens`)",
  "timestamp": "Oct-20-2025 12:59:11"
}
{
  "level": "debug",
  "message": "lacts.db - Executing (default): SELECT name FROM sqlite_master WHERE type='table' AND name='subscriptions';",
  "timestamp": "Oct-20-2025 12:59:11"
}
{
  "level": "debug",
  "message": "lacts.db - Executing (default): PRAGMA INDEX_LIST(`subscriptions`)",
  "timestamp": "Oct-20-2025 12:59:11"
}
{
  "level": "debug",
  "message": "lacts.db - Executing (default): PRAGMA INDEX_INFO(`sqlite_autoindex_subscriptions_1`)",
  "timestamp": "Oct-20-2025 12:59:11"
}
{
  "level": "debug",
  "message": "lacts.db - Executing (default): SELECT name FROM sqlite_master WHERE type='table' AND name='wxAgents';",
  "timestamp": "Oct-20-2025 12:59:11"
}
{
  "level": "debug",
  "message": "lacts.db - Executing (default): PRAGMA INDEX_LIST(`wxAgents`)",
  "timestamp": "Oct-20-2025 12:59:11"
}
{
  "level": "debug",
  "message": "lacts.db - Executing (default): PRAGMA INDEX_INFO(`sqlite_autoindex_wxAgents_1`)",
  "timestamp": "Oct-20-2025 12:59:11"
}
{
  "level": "info",
  "message": "DB Connected!",
  "timestamp": "Oct-20-2025 12:59:11"
}
{
  "level": "info",
  "message": "Storing in CA token database: {\"access_token\":\"s3gttuOXH4dr3slGi9L1DDPFkMI\",\"scope\":\"TeleSig_19\",\"token_type\":\"Bearer\",\"expires_in\":1229}",
  "timestamp": "Oct-20-2025 12:59:11"
}
{
  "level": "debug",
  "message": "lacts.db - Executing (default): SELECT `id`, `access_token`, `scope`, `token_type`, `expires_in`, `createdAt`, `updatedAt` FROM `caltokens` AS `caltokens` WHERE `caltokens`.`id` = 1;",
  "timestamp": "Oct-20-2025 12:59:11"
}
{
  "level": "info",
  "message": "No Existing token found in CA Database, updating / creating first one..",
  "timestamp": "Oct-20-2025 12:59:11"
}
{
  "level": "debug",
  "message": "lacts.db - Executing (default): INSERT INTO `caltokens` (`id`,`access_token`,`scope`,`token_type`,`expires_in`,`createdAt`,`updatedAt`) VALUES ($1,$2,$3,$4,$5,$6,$7) ON CONFLICT (`id`) DO UPDATE SET `id`=EXCLUDED.`id`,`access_token`=EXCLUDED.`access_token`,`scope`=EXCLUDED.`scope`,`expires_in`=EXCLUDED.`expires_in`,`token_type`=EXCLUDED.`token_type`,`updatedAt`=EXCLUDED.`updatedAt`;",
  "timestamp": "Oct-20-2025 12:59:11"
}
{
  "level": "debug",
  "message": "Created new CA DB record: [{\"id\":1,\"access_token\":\"s3gttuOXH4dr3slGi9L1DDPFkMI\",\"scope\":\"TeleSig_19\",\"expires_in\":1229,\"token_type\":\"Bearer\"},null]",
  "timestamp": "Oct-20-2025 12:59:11"
}
{
  "level": "info",
  "message": "Storing in WX token database: {\"access_token\":\"ZGQyYzJhNTEtY2IzMS00MzY1LWFmMWYtNTQxNTVkNTI0Njg1ZmViYTg3ZjAtYjdj_PF84_4f25a9a0-32e6-445f-b347-d920b9b857be\",\"expires_in\":1209599,\"refresh_token\":\"R2E1NzA0NjktYWNjZi00NTMwLWFhODQtNzgwM2VkZmNjY2RkMzQ1ZWI1Y2ItNmNi_PF84_4f25a9a0-32e6-445f-b347-d920b9b857be\",\"refresh_token_expires_in\":7705109,\"token_type\":\"Bearer\",\"scope\":\"cjp:config_write cjp:config_read\"}",
  "timestamp": "Oct-20-2025 12:59:11"
}
{
  "level": "debug",
  "message": "lacts.db - Executing (default): SELECT `id`, `access_token`, `expires_in`, `refresh_token`, `refresh_token_expires_in`, `token_type`, `scope`, `createdAt`, `updatedAt` FROM `wxtokens` AS `wxtokens` WHERE `wxtokens`.`id` = 1;",
  "timestamp": "Oct-20-2025 12:59:11"
}
{
  "level": "info",
  "message": "No Existing WX token found, updating / creating first one..",
  "timestamp": "Oct-20-2025 12:59:11"
}
{
  "level": "debug",
  "message": "lacts.db - Executing (default): INSERT INTO `wxtokens` (`id`,`access_token`,`expires_in`,`refresh_token`,`refresh_token_expires_in`,`token_type`,`scope`,`createdAt`,`updatedAt`) VALUES ($1,$2,$3,$4,$5,$6,$7,$8,$9) ON CONFLICT (`id`) DO UPDATE SET `id`=EXCLUDED.`id`,`access_token`=EXCLUDED.`access_token`,`expires_in`=EXCLUDED.`expires_in`,`refresh_token`=EXCLUDED.`refresh_token`,`refresh_token_expires_in`=EXCLUDED.`refresh_token_expires_in`,`token_type`=EXCLUDED.`token_type`,`scope`=EXCLUDED.`scope`,`updatedAt`=EXCLUDED.`updatedAt`;",
  "timestamp": "Oct-20-2025 12:59:11"
}
{
  "level": "debug",
  "message": "Created new WX token DB record: [{\"id\":1,\"access_token\":\"ZGQyYzJhNTEtY2IzMS00MzY1LWFmMWYtNTQxNTVkNTI0Njg1ZmViYTg3ZjAtYjdj_PF84_4f25a9a0-32e6-445f-b347-d920b9b857be\",\"expires_in\":1209599,\"refresh_token\":\"R2E1NzA0NjktYWNjZi00NTMwLWFhODQtNzgwM2VkZmNjY2RkMzQ1ZWI1Y2ItNmNi_PF84_4f25a9a0-32e6-445f-b347-d920b9b857be\",\"refresh_token_expires_in\":7705109,\"token_type\":\"Bearer\",\"scope\":\"cjp:config_write cjp:config_read\"},null]",
  "timestamp": "Oct-20-2025 12:59:11"
}
{
  "level": "info",
  "message": "Server starting",
  "timestamp": "Oct-20-2025 13:13:07"
}
{
  "level": "info",
  "message": "LOG_LEVEL -debug",
  "timestamp": "Oct-20-2025 13:13:07"
}
{
  "level": "info",
  "message": "WEBHOOK_URL -https://zjwalsh-vmware.tail4794a2.ts.net/webhook/webhook",
  "timestamp": "Oct-20-2025 13:13:07"
}
{
  "level": "info",
  "message": "WXCLIENT_ID -C2dee08fe0c3cdfb22000cedd22a99e24fa1120d948416d67ee49b2f889e69d2c",
  "timestamp": "Oct-20-2025 13:13:07"
}
{
  "level": "info",
  "message": "WXCLIENT_ORGID -4f25a9a0-32e6-445f-b347-d920b9b857be",
  "timestamp": "Oct-20-2025 13:13:07"
}
{
  "level": "info",
  "message": "WXCLIENT_SECRET -c0ce4cc51127444b90ac2f9a908a860f60b528bb86a08c7b721bccb301a0ff22",
  "timestamp": "Oct-20-2025 13:13:07"
}
{
  "level": "debug",
  "message": "Delete all records in WX Token database.",
  "timestamp": "Oct-20-2025 13:13:07"
}
{
  "level": "debug",
  "message": "Delete all records in caltokens.",
  "timestamp": "Oct-20-2025 13:13:07"
}
{
  "level": "debug",
  "message": "Trying request for WX Token with params: {\"grant_type\":\"refresh_token\",\"client_id\":\"C2dee08fe0c3cdfb22000cedd22a99e24fa1120d948416d67ee49b2f889e69d2c\",\"client_secret\":\"c0ce4cc51127444b90ac2f9a908a860f60b528bb86a08c7b721bccb301a0ff22\",\"refresh_token\":\"R2E1NzA0NjktYWNjZi00NTMwLWFhODQtNzgwM2VkZmNjY2RkMzQ1ZWI1Y2ItNmNi_PF84_4f25a9a0-32e6-445f-b347-d920b9b857be\"}",
  "timestamp": "Oct-20-2025 13:13:07"
}
{
  "level": "debug",
  "message": "Trying CA token request with params: {\"client_id\":\"5KLMJtqxDnthworg\",\"client_secret\":\";L/89v(NA*uUS?Mq/>f\",\"scope\":\"TeleSig_19\"}",
  "timestamp": "Oct-20-2025 13:13:07"
}
{
  "level": "debug",
  "message": "Find all Subscription  ",
  "timestamp": "Oct-20-2025 13:13:07"
}
{
  "level": "debug",
  "message": "✓ Exposed /tsforms-widget.styles.css -> /home/zjwalsh/Projects/TSMiddleware/server/public/build/static/css/main.6485e9c4.css",
  "timestamp": "Oct-20-2025 13:13:07"
}
{
  "level": "debug",
  "message": "✓ Exposed /tsforms-widget.bundle.js -> /home/zjwalsh/Projects/TSMiddleware/server/public/build/static/js/main.abc58417.js",
  "timestamp": "Oct-20-2025 13:13:07"
}
{
  "level": "debug",
  "message": "✓ Serving static build files from: /home/zjwalsh/Projects/TSMiddleware/server/public/build",
  "timestamp": "Oct-20-2025 13:13:07"
}
{
  "level": "debug",
  "message": "\n🚀 TSForms server running on port 8443",
  "timestamp": "Oct-20-2025 13:13:07"
}
{
  "level": "debug",
  "message": "📡 API: http://localhost:8443/telephonic-signature/api",
  "timestamp": "Oct-20-2025 13:13:07"
}
{
  "level": "debug",
  "message": "✓ PRODUCTION mode - serving React app at http://localhost:8443",
  "timestamp": "Oct-20-2025 13:13:07"
}
{
  "level": "debug",
  "message": "lacts.db - Executing (default): DELETE FROM `caltokens`",
  "timestamp": "Oct-20-2025 13:13:07"
}
{
  "level": "debug",
  "message": "lacts.db - Executing (default): SELECT name FROM sqlite_master WHERE type='table' AND name='wxtokens';",
  "timestamp": "Oct-20-2025 13:13:07"
}
{
  "level": "debug",
  "message": "lacts.db - Executing (default): SELECT `id`, `name`, `description`, `evenTypes`, `destinationUrl`, `status`, `createdBy`, `createdTime`, `createdAt`, `updatedAt` FROM `subscriptions` AS `subscriptions` LIMIT 1;",
  "timestamp": "Oct-20-2025 13:13:07"
}
{
  "level": "debug",
  "message": "lacts.db - Executing (default): DELETE FROM `wxtokens`",
  "timestamp": "Oct-20-2025 13:13:07"
}
{
  "level": "debug",
  "message": "lacts.db - Executing (default): PRAGMA INDEX_LIST(`wxtokens`)",
  "timestamp": "Oct-20-2025 13:13:07"
}
{
  "level": "debug",
  "message": "Error trying to find Subscriptions - Cannot read properties of undefined (reading 'dataValues')",
  "timestamp": "Oct-20-2025 13:13:07"
}
{
  "level": "info",
  "message": "Initializing the Scheduler..",
  "timestamp": "Oct-20-2025 13:13:07"
}
{
  "level": "info",
  "message": "Initializing the Scheduler - job_getWXRefreshToken",
  "timestamp": "Oct-20-2025 13:13:07"
}
{
  "level": "info",
  "message": "Initializing the Scheduler - job_getCAAccessToken",
  "timestamp": "Oct-20-2025 13:13:07"
}
{
  "level": "debug",
  "message": "lacts.db - Executing (default): PRAGMA INDEX_INFO(`sqlite_autoindex_wxtokens_1`)",
  "timestamp": "Oct-20-2025 13:13:07"
}
{
  "level": "debug",
  "message": "lacts.db - Executing (default): SELECT name FROM sqlite_master WHERE type='table' AND name='caltokens';",
  "timestamp": "Oct-20-2025 13:13:07"
}
{
  "level": "debug",
  "message": "lacts.db - Executing (default): PRAGMA INDEX_LIST(`caltokens`)",
  "timestamp": "Oct-20-2025 13:13:07"
}
{
  "level": "debug",
  "message": "lacts.db - Executing (default): SELECT name FROM sqlite_master WHERE type='table' AND name='subscriptions';",
  "timestamp": "Oct-20-2025 13:13:07"
}
{
  "level": "debug",
  "message": "lacts.db - Executing (default): PRAGMA INDEX_LIST(`subscriptions`)",
  "timestamp": "Oct-20-2025 13:13:07"
}
{
  "level": "debug",
  "message": "lacts.db - Executing (default): PRAGMA INDEX_INFO(`sqlite_autoindex_subscriptions_1`)",
  "timestamp": "Oct-20-2025 13:13:07"
}
{
  "level": "debug",
  "message": "lacts.db - Executing (default): SELECT name FROM sqlite_master WHERE type='table' AND name='wxAgents';",
  "timestamp": "Oct-20-2025 13:13:07"
}
{
  "level": "debug",
  "message": "lacts.db - Executing (default): PRAGMA INDEX_LIST(`wxAgents`)",
  "timestamp": "Oct-20-2025 13:13:07"
}
{
  "level": "debug",
  "message": "lacts.db - Executing (default): PRAGMA INDEX_INFO(`sqlite_autoindex_wxAgents_1`)",
  "timestamp": "Oct-20-2025 13:13:07"
}
{
  "level": "info",
  "message": "DB Connected!",
  "timestamp": "Oct-20-2025 13:13:07"
}
{
  "level": "info",
  "message": "Storing in CA token database: {\"access_token\":\"1zTPefOhYmECQWDkvhgUbR5A9mM\",\"scope\":\"TeleSig_19\",\"token_type\":\"Bearer\",\"expires_in\":1229}",
  "timestamp": "Oct-20-2025 13:13:07"
}
{
  "level": "debug",
  "message": "lacts.db - Executing (default): SELECT `id`, `access_token`, `scope`, `token_type`, `expires_in`, `createdAt`, `updatedAt` FROM `caltokens` AS `caltokens` WHERE `caltokens`.`id` = 1;",
  "timestamp": "Oct-20-2025 13:13:07"
}
{
  "level": "info",
  "message": "No Existing token found in CA Database, updating / creating first one..",
  "timestamp": "Oct-20-2025 13:13:07"
}
{
  "level": "debug",
  "message": "lacts.db - Executing (default): INSERT INTO `caltokens` (`id`,`access_token`,`scope`,`token_type`,`expires_in`,`createdAt`,`updatedAt`) VALUES ($1,$2,$3,$4,$5,$6,$7) ON CONFLICT (`id`) DO UPDATE SET `id`=EXCLUDED.`id`,`access_token`=EXCLUDED.`access_token`,`scope`=EXCLUDED.`scope`,`expires_in`=EXCLUDED.`expires_in`,`token_type`=EXCLUDED.`token_type`,`updatedAt`=EXCLUDED.`updatedAt`;",
  "timestamp": "Oct-20-2025 13:13:07"
}
{
  "level": "debug",
  "message": "Created new CA DB record: [{\"id\":1,\"access_token\":\"1zTPefOhYmECQWDkvhgUbR5A9mM\",\"scope\":\"TeleSig_19\",\"expires_in\":1229,\"token_type\":\"Bearer\"},null]",
  "timestamp": "Oct-20-2025 13:13:07"
}
{
  "level": "info",
  "message": "Storing in WX token database: {\"access_token\":\"MDc5NjA2OGMtMTE2MS00MWM1LTkxZWQtODY2YzRhNWEzZDM1OWJkYWQ0OWUtOGQx_PF84_4f25a9a0-32e6-445f-b347-d920b9b857be\",\"expires_in\":1209599,\"refresh_token\":\"R2E1NzA0NjktYWNjZi00NTMwLWFhODQtNzgwM2VkZmNjY2RkMzQ1ZWI1Y2ItNmNi_PF84_4f25a9a0-32e6-445f-b347-d920b9b857be\",\"refresh_token_expires_in\":7704273,\"token_type\":\"Bearer\",\"scope\":\"cjp:config_write cjp:config_read\"}",
  "timestamp": "Oct-20-2025 13:13:07"
}
{
  "level": "debug",
  "message": "lacts.db - Executing (default): SELECT `id`, `access_token`, `expires_in`, `refresh_token`, `refresh_token_expires_in`, `token_type`, `scope`, `createdAt`, `updatedAt` FROM `wxtokens` AS `wxtokens` WHERE `wxtokens`.`id` = 1;",
  "timestamp": "Oct-20-2025 13:13:07"
}
{
  "level": "info",
  "message": "No Existing WX token found, updating / creating first one..",
  "timestamp": "Oct-20-2025 13:13:07"
}
{
  "level": "debug",
  "message": "lacts.db - Executing (default): INSERT INTO `wxtokens` (`id`,`access_token`,`expires_in`,`refresh_token`,`refresh_token_expires_in`,`token_type`,`scope`,`createdAt`,`updatedAt`) VALUES ($1,$2,$3,$4,$5,$6,$7,$8,$9) ON CONFLICT (`id`) DO UPDATE SET `id`=EXCLUDED.`id`,`access_token`=EXCLUDED.`access_token`,`expires_in`=EXCLUDED.`expires_in`,`refresh_token`=EXCLUDED.`refresh_token`,`refresh_token_expires_in`=EXCLUDED.`refresh_token_expires_in`,`token_type`=EXCLUDED.`token_type`,`scope`=EXCLUDED.`scope`,`updatedAt`=EXCLUDED.`updatedAt`;",
  "timestamp": "Oct-20-2025 13:13:07"
}
{
  "level": "debug",
  "message": "Created new WX token DB record: [{\"id\":1,\"access_token\":\"MDc5NjA2OGMtMTE2MS00MWM1LTkxZWQtODY2YzRhNWEzZDM1OWJkYWQ0OWUtOGQx_PF84_4f25a9a0-32e6-445f-b347-d920b9b857be\",\"expires_in\":1209599,\"refresh_token\":\"R2E1NzA0NjktYWNjZi00NTMwLWFhODQtNzgwM2VkZmNjY2RkMzQ1ZWI1Y2ItNmNi_PF84_4f25a9a0-32e6-445f-b347-d920b9b857be\",\"refresh_token_expires_in\":7704273,\"token_type\":\"Bearer\",\"scope\":\"cjp:config_write cjp:config_read\"},null]",
  "timestamp": "Oct-20-2025 13:13:07"
}
{
  "level": "info",
  "message": "Server starting",
  "timestamp": "Oct-20-2025 13:16:05"
}
{
  "level": "info",
  "message": "LOG_LEVEL -debug",
  "timestamp": "Oct-20-2025 13:16:05"
}
{
  "level": "info",
  "message": "WEBHOOK_URL -https://zjwalsh-vmware.tail4794a2.ts.net/webhook/webhook",
  "timestamp": "Oct-20-2025 13:16:05"
}
{
  "level": "info",
  "message": "WXCLIENT_ID -C2dee08fe0c3cdfb22000cedd22a99e24fa1120d948416d67ee49b2f889e69d2c",
  "timestamp": "Oct-20-2025 13:16:05"
}
{
  "level": "info",
  "message": "WXCLIENT_ORGID -4f25a9a0-32e6-445f-b347-d920b9b857be",
  "timestamp": "Oct-20-2025 13:16:05"
}
{
  "level": "info",
  "message": "WXCLIENT_SECRET -c0ce4cc51127444b90ac2f9a908a860f60b528bb86a08c7b721bccb301a0ff22",
  "timestamp": "Oct-20-2025 13:16:05"
}
{
  "level": "debug",
  "message": "Delete all records in WX Token database.",
  "timestamp": "Oct-20-2025 13:16:05"
}
{
  "level": "debug",
  "message": "Delete all records in caltokens.",
  "timestamp": "Oct-20-2025 13:16:05"
}
{
  "level": "debug",
  "message": "Trying request for WX Token with params: {\"grant_type\":\"refresh_token\",\"client_id\":\"C2dee08fe0c3cdfb22000cedd22a99e24fa1120d948416d67ee49b2f889e69d2c\",\"client_secret\":\"c0ce4cc51127444b90ac2f9a908a860f60b528bb86a08c7b721bccb301a0ff22\",\"refresh_token\":\"R2E1NzA0NjktYWNjZi00NTMwLWFhODQtNzgwM2VkZmNjY2RkMzQ1ZWI1Y2ItNmNi_PF84_4f25a9a0-32e6-445f-b347-d920b9b857be\"}",
  "timestamp": "Oct-20-2025 13:16:05"
}
{
  "level": "debug",
  "message": "Trying CA token request with params: {\"client_id\":\"5KLMJtqxDnthworg\",\"client_secret\":\";L/89v(NA*uUS?Mq/>f\",\"scope\":\"TeleSig_19\"}",
  "timestamp": "Oct-20-2025 13:16:06"
}
{
  "level": "debug",
  "message": "Find all Subscription  ",
  "timestamp": "Oct-20-2025 13:16:06"
}
{
  "level": "debug",
  "message": "✓ Exposed /tsforms-widget.styles.css -> /home/zjwalsh/Projects/TSMiddleware/server/public/build/static/css/main.6485e9c4.css",
  "timestamp": "Oct-20-2025 13:16:06"
}
{
  "level": "debug",
  "message": "✓ Exposed /tsforms-widget.bundle.js -> /home/zjwalsh/Projects/TSMiddleware/server/public/build/static/js/main.d05e6349.js",
  "timestamp": "Oct-20-2025 13:16:06"
}
{
  "level": "debug",
  "message": "✓ Serving static build files from: /home/zjwalsh/Projects/TSMiddleware/server/public/build",
  "timestamp": "Oct-20-2025 13:16:06"
}
{
  "level": "debug",
  "message": "\n🚀 TSForms server running on port 8443",
  "timestamp": "Oct-20-2025 13:16:06"
}
{
  "level": "debug",
  "message": "📡 API: http://localhost:8443/telephonic-signature/api",
  "timestamp": "Oct-20-2025 13:16:06"
}
{
  "level": "debug",
  "message": "✓ PRODUCTION mode - serving React app at http://localhost:8443",
  "timestamp": "Oct-20-2025 13:16:06"
}
{
  "level": "debug",
  "message": "lacts.db - Executing (default): DELETE FROM `caltokens`",
  "timestamp": "Oct-20-2025 13:16:06"
}
{
  "level": "debug",
  "message": "lacts.db - Executing (default): SELECT name FROM sqlite_master WHERE type='table' AND name='wxtokens';",
  "timestamp": "Oct-20-2025 13:16:06"
}
{
  "level": "debug",
  "message": "lacts.db - Executing (default): SELECT `id`, `name`, `description`, `evenTypes`, `destinationUrl`, `status`, `createdBy`, `createdTime`, `createdAt`, `updatedAt` FROM `subscriptions` AS `subscriptions` LIMIT 1;",
  "timestamp": "Oct-20-2025 13:16:06"
}
{
  "level": "debug",
  "message": "lacts.db - Executing (default): DELETE FROM `wxtokens`",
  "timestamp": "Oct-20-2025 13:16:06"
}
{
  "level": "debug",
  "message": "lacts.db - Executing (default): PRAGMA INDEX_LIST(`wxtokens`)",
  "timestamp": "Oct-20-2025 13:16:06"
}
{
  "level": "debug",
  "message": "Error trying to find Subscriptions - Cannot read properties of undefined (reading 'dataValues')",
  "timestamp": "Oct-20-2025 13:16:06"
}
{
  "level": "info",
  "message": "Initializing the Scheduler..",
  "timestamp": "Oct-20-2025 13:16:06"
}
{
  "level": "info",
  "message": "Initializing the Scheduler - job_getWXRefreshToken",
  "timestamp": "Oct-20-2025 13:16:06"
}
{
  "level": "info",
  "message": "Initializing the Scheduler - job_getCAAccessToken",
  "timestamp": "Oct-20-2025 13:16:06"
}
{
  "level": "debug",
  "message": "lacts.db - Executing (default): PRAGMA INDEX_INFO(`sqlite_autoindex_wxtokens_1`)",
  "timestamp": "Oct-20-2025 13:16:06"
}
{
  "level": "debug",
  "message": "lacts.db - Executing (default): SELECT name FROM sqlite_master WHERE type='table' AND name='caltokens';",
  "timestamp": "Oct-20-2025 13:16:06"
}
{
  "level": "debug",
  "message": "lacts.db - Executing (default): PRAGMA INDEX_LIST(`caltokens`)",
  "timestamp": "Oct-20-2025 13:16:06"
}
{
  "level": "debug",
  "message": "lacts.db - Executing (default): SELECT name FROM sqlite_master WHERE type='table' AND name='subscriptions';",
  "timestamp": "Oct-20-2025 13:16:06"
}
{
  "level": "debug",
  "message": "lacts.db - Executing (default): PRAGMA INDEX_LIST(`subscriptions`)",
  "timestamp": "Oct-20-2025 13:16:06"
}
{
  "level": "debug",
  "message": "lacts.db - Executing (default): PRAGMA INDEX_INFO(`sqlite_autoindex_subscriptions_1`)",
  "timestamp": "Oct-20-2025 13:16:06"
}
{
  "level": "debug",
  "message": "lacts.db - Executing (default): SELECT name FROM sqlite_master WHERE type='table' AND name='wxAgents';",
  "timestamp": "Oct-20-2025 13:16:06"
}
{
  "level": "debug",
  "message": "lacts.db - Executing (default): PRAGMA INDEX_LIST(`wxAgents`)",
  "timestamp": "Oct-20-2025 13:16:06"
}
{
  "level": "debug",
  "message": "lacts.db - Executing (default): PRAGMA INDEX_INFO(`sqlite_autoindex_wxAgents_1`)",
  "timestamp": "Oct-20-2025 13:16:06"
}
{
  "level": "info",
  "message": "DB Connected!",
  "timestamp": "Oct-20-2025 13:16:06"
}
{
  "level": "info",
  "message": "Storing in CA token database: {\"access_token\":\"EGxODPAD9GK1J4KtgDCmPilByBo\",\"scope\":\"TeleSig_19\",\"token_type\":\"Bearer\",\"expires_in\":1229}",
  "timestamp": "Oct-20-2025 13:16:06"
}
{
  "level": "debug",
  "message": "lacts.db - Executing (default): SELECT `id`, `access_token`, `scope`, `token_type`, `expires_in`, `createdAt`, `updatedAt` FROM `caltokens` AS `caltokens` WHERE `caltokens`.`id` = 1;",
  "timestamp": "Oct-20-2025 13:16:06"
}
{
  "level": "info",
  "message": "No Existing token found in CA Database, updating / creating first one..",
  "timestamp": "Oct-20-2025 13:16:06"
}
{
  "level": "debug",
  "message": "lacts.db - Executing (default): INSERT INTO `caltokens` (`id`,`access_token`,`scope`,`token_type`,`expires_in`,`createdAt`,`updatedAt`) VALUES ($1,$2,$3,$4,$5,$6,$7) ON CONFLICT (`id`) DO UPDATE SET `id`=EXCLUDED.`id`,`access_token`=EXCLUDED.`access_token`,`scope`=EXCLUDED.`scope`,`expires_in`=EXCLUDED.`expires_in`,`token_type`=EXCLUDED.`token_type`,`updatedAt`=EXCLUDED.`updatedAt`;",
  "timestamp": "Oct-20-2025 13:16:06"
}
{
  "level": "debug",
  "message": "Created new CA DB record: [{\"id\":1,\"access_token\":\"EGxODPAD9GK1J4KtgDCmPilByBo\",\"scope\":\"TeleSig_19\",\"expires_in\":1229,\"token_type\":\"Bearer\"},null]",
  "timestamp": "Oct-20-2025 13:16:06"
}
{
  "level": "info",
  "message": "Storing in WX token database: {\"access_token\":\"ZTViZTRmZDctOGE0NC00N2ZjLWEyZTEtYzY1MGQ0ODFhMzFlNzBkNzlkOGUtNmY2_PF84_4f25a9a0-32e6-445f-b347-d920b9b857be\",\"expires_in\":1209599,\"refresh_token\":\"R2E1NzA0NjktYWNjZi00NTMwLWFhODQtNzgwM2VkZmNjY2RkMzQ1ZWI1Y2ItNmNi_PF84_4f25a9a0-32e6-445f-b347-d920b9b857be\",\"refresh_token_expires_in\":7704095,\"token_type\":\"Bearer\",\"scope\":\"cjp:config_write cjp:config_read\"}",
  "timestamp": "Oct-20-2025 13:16:06"
}
{
  "level": "debug",
  "message": "lacts.db - Executing (default): SELECT `id`, `access_token`, `expires_in`, `refresh_token`, `refresh_token_expires_in`, `token_type`, `scope`, `createdAt`, `updatedAt` FROM `wxtokens` AS `wxtokens` WHERE `wxtokens`.`id` = 1;",
  "timestamp": "Oct-20-2025 13:16:06"
}
{
  "level": "info",
  "message": "No Existing WX token found, updating / creating first one..",
  "timestamp": "Oct-20-2025 13:16:06"
}
{
  "level": "debug",
  "message": "lacts.db - Executing (default): INSERT INTO `wxtokens` (`id`,`access_token`,`expires_in`,`refresh_token`,`refresh_token_expires_in`,`token_type`,`scope`,`createdAt`,`updatedAt`) VALUES ($1,$2,$3,$4,$5,$6,$7,$8,$9) ON CONFLICT (`id`) DO UPDATE SET `id`=EXCLUDED.`id`,`access_token`=EXCLUDED.`access_token`,`expires_in`=EXCLUDED.`expires_in`,`refresh_token`=EXCLUDED.`refresh_token`,`refresh_token_expires_in`=EXCLUDED.`refresh_token_expires_in`,`token_type`=EXCLUDED.`token_type`,`scope`=EXCLUDED.`scope`,`updatedAt`=EXCLUDED.`updatedAt`;",
  "timestamp": "Oct-20-2025 13:16:06"
}
{
  "level": "debug",
  "message": "Created new WX token DB record: [{\"id\":1,\"access_token\":\"ZTViZTRmZDctOGE0NC00N2ZjLWEyZTEtYzY1MGQ0ODFhMzFlNzBkNzlkOGUtNmY2_PF84_4f25a9a0-32e6-445f-b347-d920b9b857be\",\"expires_in\":1209599,\"refresh_token\":\"R2E1NzA0NjktYWNjZi00NTMwLWFhODQtNzgwM2VkZmNjY2RkMzQ1ZWI1Y2ItNmNi_PF84_4f25a9a0-32e6-445f-b347-d920b9b857be\",\"refresh_token_expires_in\":7704095,\"token_type\":\"Bearer\",\"scope\":\"cjp:config_write cjp:config_read\"},null]",
  "timestamp": "Oct-20-2025 13:16:06"
}
{
  "level": "info",
  "message": "Server starting",
  "timestamp": "Oct-20-2025 13:18:58"
}
{
  "level": "info",
  "message": "LOG_LEVEL -debug",
  "timestamp": "Oct-20-2025 13:18:58"
}
{
  "level": "info",
  "message": "WEBHOOK_URL -https://zjwalsh-vmware.tail4794a2.ts.net/webhook/webhook",
  "timestamp": "Oct-20-2025 13:18:58"
}
{
  "level": "info",
  "message": "WXCLIENT_ID -C2dee08fe0c3cdfb22000cedd22a99e24fa1120d948416d67ee49b2f889e69d2c",
  "timestamp": "Oct-20-2025 13:18:58"
}
{
  "level": "info",
  "message": "WXCLIENT_ORGID -4f25a9a0-32e6-445f-b347-d920b9b857be",
  "timestamp": "Oct-20-2025 13:18:58"
}
{
  "level": "info",
  "message": "WXCLIENT_SECRET -c0ce4cc51127444b90ac2f9a908a860f60b528bb86a08c7b721bccb301a0ff22",
  "timestamp": "Oct-20-2025 13:18:58"
}
{
  "level": "debug",
  "message": "Delete all records in WX Token database.",
  "timestamp": "Oct-20-2025 13:18:58"
}
{
  "level": "debug",
  "message": "Delete all records in caltokens.",
  "timestamp": "Oct-20-2025 13:18:58"
}
{
  "level": "debug",
  "message": "Trying request for WX Token with params: {\"grant_type\":\"refresh_token\",\"client_id\":\"C2dee08fe0c3cdfb22000cedd22a99e24fa1120d948416d67ee49b2f889e69d2c\",\"client_secret\":\"c0ce4cc51127444b90ac2f9a908a860f60b528bb86a08c7b721bccb301a0ff22\",\"refresh_token\":\"R2E1NzA0NjktYWNjZi00NTMwLWFhODQtNzgwM2VkZmNjY2RkMzQ1ZWI1Y2ItNmNi_PF84_4f25a9a0-32e6-445f-b347-d920b9b857be\"}",
  "timestamp": "Oct-20-2025 13:18:58"
}
{
  "level": "debug",
  "message": "Trying CA token request with params: {\"client_id\":\"5KLMJtqxDnthworg\",\"client_secret\":\";L/89v(NA*uUS?Mq/>f\",\"scope\":\"TeleSig_19\"}",
  "timestamp": "Oct-20-2025 13:18:58"
}
{
  "level": "debug",
  "message": "Find all Subscription  ",
  "timestamp": "Oct-20-2025 13:18:58"
}
{
  "level": "debug",
  "message": "✓ Exposed /tsforms-widget.styles.css -> /home/zjwalsh/Projects/TSMiddleware/server/public/build/static/css/main.6485e9c4.css",
  "timestamp": "Oct-20-2025 13:18:58"
}
{
  "level": "debug",
  "message": "✓ Exposed /tsforms-widget.bundle.js -> /home/zjwalsh/Projects/TSMiddleware/server/public/build/static/js/main.c55c4ae0.js",
  "timestamp": "Oct-20-2025 13:18:58"
}
{
  "level": "debug",
  "message": "✓ Serving static build files from: /home/zjwalsh/Projects/TSMiddleware/server/public/build",
  "timestamp": "Oct-20-2025 13:18:58"
}
{
  "level": "debug",
  "message": "\n🚀 TSForms server running on port 8443",
  "timestamp": "Oct-20-2025 13:18:58"
}
{
  "level": "debug",
  "message": "📡 API: http://localhost:8443/telephonic-signature/api",
  "timestamp": "Oct-20-2025 13:18:58"
}
{
  "level": "debug",
  "message": "✓ PRODUCTION mode - serving React app at http://localhost:8443",
  "timestamp": "Oct-20-2025 13:18:58"
}
{
  "level": "debug",
  "message": "lacts.db - Executing (default): DELETE FROM `caltokens`",
  "timestamp": "Oct-20-2025 13:18:58"
}
{
  "level": "debug",
  "message": "lacts.db - Executing (default): SELECT name FROM sqlite_master WHERE type='table' AND name='wxtokens';",
  "timestamp": "Oct-20-2025 13:18:58"
}
{
  "level": "debug",
  "message": "lacts.db - Executing (default): SELECT `id`, `name`, `description`, `evenTypes`, `destinationUrl`, `status`, `createdBy`, `createdTime`, `createdAt`, `updatedAt` FROM `subscriptions` AS `subscriptions` LIMIT 1;",
  "timestamp": "Oct-20-2025 13:18:58"
}
{
  "level": "debug",
  "message": "lacts.db - Executing (default): DELETE FROM `wxtokens`",
  "timestamp": "Oct-20-2025 13:18:58"
}
{
  "level": "debug",
  "message": "lacts.db - Executing (default): PRAGMA INDEX_LIST(`wxtokens`)",
  "timestamp": "Oct-20-2025 13:18:58"
}
{
  "level": "debug",
  "message": "Error trying to find Subscriptions - Cannot read properties of undefined (reading 'dataValues')",
  "timestamp": "Oct-20-2025 13:18:58"
}
{
  "level": "info",
  "message": "Initializing the Scheduler..",
  "timestamp": "Oct-20-2025 13:18:58"
}
{
  "level": "info",
  "message": "Initializing the Scheduler - job_getWXRefreshToken",
  "timestamp": "Oct-20-2025 13:18:58"
}
{
  "level": "info",
  "message": "Initializing the Scheduler - job_getCAAccessToken",
  "timestamp": "Oct-20-2025 13:18:58"
}
{
  "level": "debug",
  "message": "lacts.db - Executing (default): PRAGMA INDEX_INFO(`sqlite_autoindex_wxtokens_1`)",
  "timestamp": "Oct-20-2025 13:18:58"
}
{
  "level": "debug",
  "message": "lacts.db - Executing (default): SELECT name FROM sqlite_master WHERE type='table' AND name='caltokens';",
  "timestamp": "Oct-20-2025 13:18:58"
}
{
  "level": "debug",
  "message": "lacts.db - Executing (default): PRAGMA INDEX_LIST(`caltokens`)",
  "timestamp": "Oct-20-2025 13:18:58"
}
{
  "level": "debug",
  "message": "lacts.db - Executing (default): SELECT name FROM sqlite_master WHERE type='table' AND name='subscriptions';",
  "timestamp": "Oct-20-2025 13:18:58"
}
{
  "level": "debug",
  "message": "lacts.db - Executing (default): PRAGMA INDEX_LIST(`subscriptions`)",
  "timestamp": "Oct-20-2025 13:18:58"
}
{
  "level": "debug",
  "message": "lacts.db - Executing (default): PRAGMA INDEX_INFO(`sqlite_autoindex_subscriptions_1`)",
  "timestamp": "Oct-20-2025 13:18:58"
}
{
  "level": "debug",
  "message": "lacts.db - Executing (default): SELECT name FROM sqlite_master WHERE type='table' AND name='wxAgents';",
  "timestamp": "Oct-20-2025 13:18:58"
}
{
  "level": "debug",
  "message": "lacts.db - Executing (default): PRAGMA INDEX_LIST(`wxAgents`)",
  "timestamp": "Oct-20-2025 13:18:58"
}
{
  "level": "debug",
  "message": "lacts.db - Executing (default): PRAGMA INDEX_INFO(`sqlite_autoindex_wxAgents_1`)",
  "timestamp": "Oct-20-2025 13:18:58"
}
{
  "level": "info",
  "message": "DB Connected!",
  "timestamp": "Oct-20-2025 13:18:58"
}
{
  "level": "info",
  "message": "Storing in CA token database: {\"access_token\":\"uGGs8_ImMGmYadgnaL6FGDv3MUg\",\"scope\":\"TeleSig_19\",\"token_type\":\"Bearer\",\"expires_in\":1229}",
  "timestamp": "Oct-20-2025 13:18:58"
}
{
  "level": "debug",
  "message": "lacts.db - Executing (default): SELECT `id`, `access_token`, `scope`, `token_type`, `expires_in`, `createdAt`, `updatedAt` FROM `caltokens` AS `caltokens` WHERE `caltokens`.`id` = 1;",
  "timestamp": "Oct-20-2025 13:18:58"
}
{
  "level": "info",
  "message": "No Existing token found in CA Database, updating / creating first one..",
  "timestamp": "Oct-20-2025 13:18:58"
}
{
  "level": "debug",
  "message": "lacts.db - Executing (default): INSERT INTO `caltokens` (`id`,`access_token`,`scope`,`token_type`,`expires_in`,`createdAt`,`updatedAt`) VALUES ($1,$2,$3,$4,$5,$6,$7) ON CONFLICT (`id`) DO UPDATE SET `id`=EXCLUDED.`id`,`access_token`=EXCLUDED.`access_token`,`scope`=EXCLUDED.`scope`,`expires_in`=EXCLUDED.`expires_in`,`token_type`=EXCLUDED.`token_type`,`updatedAt`=EXCLUDED.`updatedAt`;",
  "timestamp": "Oct-20-2025 13:18:58"
}
{
  "level": "debug",
  "message": "Created new CA DB record: [{\"id\":1,\"access_token\":\"uGGs8_ImMGmYadgnaL6FGDv3MUg\",\"scope\":\"TeleSig_19\",\"expires_in\":1229,\"token_type\":\"Bearer\"},null]",
  "timestamp": "Oct-20-2025 13:18:58"
}
{
  "level": "info",
  "message": "Storing in WX token database: {\"access_token\":\"YTljNWJlMzYtZmZmZC00NzgwLWFkM2QtMGE3ZWM2MzNmYWRjNGMwNTRkOWUtOTZj_PF84_4f25a9a0-32e6-445f-b347-d920b9b857be\",\"expires_in\":1209599,\"refresh_token\":\"R2E1NzA0NjktYWNjZi00NTMwLWFhODQtNzgwM2VkZmNjY2RkMzQ1ZWI1Y2ItNmNi_PF84_4f25a9a0-32e6-445f-b347-d920b9b857be\",\"refresh_token_expires_in\":7703922,\"token_type\":\"Bearer\",\"scope\":\"cjp:config_write cjp:config_read\"}",
  "timestamp": "Oct-20-2025 13:18:58"
}
{
  "level": "debug",
  "message": "lacts.db - Executing (default): SELECT `id`, `access_token`, `expires_in`, `refresh_token`, `refresh_token_expires_in`, `token_type`, `scope`, `createdAt`, `updatedAt` FROM `wxtokens` AS `wxtokens` WHERE `wxtokens`.`id` = 1;",
  "timestamp": "Oct-20-2025 13:18:58"
}
{
  "level": "info",
  "message": "No Existing WX token found, updating / creating first one..",
  "timestamp": "Oct-20-2025 13:18:58"
}
{
  "level": "debug",
  "message": "lacts.db - Executing (default): INSERT INTO `wxtokens` (`id`,`access_token`,`expires_in`,`refresh_token`,`refresh_token_expires_in`,`token_type`,`scope`,`createdAt`,`updatedAt`) VALUES ($1,$2,$3,$4,$5,$6,$7,$8,$9) ON CONFLICT (`id`) DO UPDATE SET `id`=EXCLUDED.`id`,`access_token`=EXCLUDED.`access_token`,`expires_in`=EXCLUDED.`expires_in`,`refresh_token`=EXCLUDED.`refresh_token`,`refresh_token_expires_in`=EXCLUDED.`refresh_token_expires_in`,`token_type`=EXCLUDED.`token_type`,`scope`=EXCLUDED.`scope`,`updatedAt`=EXCLUDED.`updatedAt`;",
  "timestamp": "Oct-20-2025 13:18:58"
}
{
  "level": "debug",
  "message": "Created new WX token DB record: [{\"id\":1,\"access_token\":\"YTljNWJlMzYtZmZmZC00NzgwLWFkM2QtMGE3ZWM2MzNmYWRjNGMwNTRkOWUtOTZj_PF84_4f25a9a0-32e6-445f-b347-d920b9b857be\",\"expires_in\":1209599,\"refresh_token\":\"R2E1NzA0NjktYWNjZi00NTMwLWFhODQtNzgwM2VkZmNjY2RkMzQ1ZWI1Y2ItNmNi_PF84_4f25a9a0-32e6-445f-b347-d920b9b857be\",\"refresh_token_expires_in\":7703922,\"token_type\":\"Bearer\",\"scope\":\"cjp:config_write cjp:config_read\"},null]",
  "timestamp": "Oct-20-2025 13:18:58"
}
{
  "level": "info",
  "message": "Server starting",
  "timestamp": "Oct-20-2025 13:29:00"
}
{
  "level": "info",
  "message": "LOG_LEVEL -debug",
  "timestamp": "Oct-20-2025 13:29:00"
}
{
  "level": "info",
  "message": "WEBHOOK_URL -https://zjwalsh-vmware.tail4794a2.ts.net/webhook/webhook",
  "timestamp": "Oct-20-2025 13:29:00"
}
{
  "level": "info",
  "message": "WXCLIENT_ID -C2dee08fe0c3cdfb22000cedd22a99e24fa1120d948416d67ee49b2f889e69d2c",
  "timestamp": "Oct-20-2025 13:29:00"
}
{
  "level": "info",
  "message": "WXCLIENT_ORGID -4f25a9a0-32e6-445f-b347-d920b9b857be",
  "timestamp": "Oct-20-2025 13:29:00"
}
{
  "level": "info",
  "message": "WXCLIENT_SECRET -c0ce4cc51127444b90ac2f9a908a860f60b528bb86a08c7b721bccb301a0ff22",
  "timestamp": "Oct-20-2025 13:29:00"
}
{
  "level": "debug",
  "message": "Delete all records in WX Token database.",
  "timestamp": "Oct-20-2025 13:29:00"
}
{
  "level": "debug",
  "message": "Delete all records in caltokens.",
  "timestamp": "Oct-20-2025 13:29:00"
}
{
  "level": "debug",
  "message": "Trying request for WX Token with params: {\"grant_type\":\"refresh_token\",\"client_id\":\"C2dee08fe0c3cdfb22000cedd22a99e24fa1120d948416d67ee49b2f889e69d2c\",\"client_secret\":\"c0ce4cc51127444b90ac2f9a908a860f60b528bb86a08c7b721bccb301a0ff22\",\"refresh_token\":\"R2E1NzA0NjktYWNjZi00NTMwLWFhODQtNzgwM2VkZmNjY2RkMzQ1ZWI1Y2ItNmNi_PF84_4f25a9a0-32e6-445f-b347-d920b9b857be\"}",
  "timestamp": "Oct-20-2025 13:29:00"
}
{
  "level": "debug",
  "message": "Trying CA token request with params: {\"client_id\":\"5KLMJtqxDnthworg\",\"client_secret\":\";L/89v(NA*uUS?Mq/>f\",\"scope\":\"TeleSig_19\"}",
  "timestamp": "Oct-20-2025 13:29:00"
}
{
  "level": "debug",
  "message": "Find all Subscription  ",
  "timestamp": "Oct-20-2025 13:29:00"
}
{
  "level": "debug",
  "message": "✓ Exposed /tsforms-widget.styles.css -> /home/zjwalsh/Projects/TSMiddleware/server/public/build/static/css/main.6485e9c4.css",
  "timestamp": "Oct-20-2025 13:29:00"
}
{
  "level": "debug",
  "message": "✓ Exposed /tsforms-widget.bundle.js -> /home/zjwalsh/Projects/TSMiddleware/server/public/build/static/js/main.c55c4ae0.js",
  "timestamp": "Oct-20-2025 13:29:00"
}
{
  "level": "debug",
  "message": "✓ Serving static build files from: /home/zjwalsh/Projects/TSMiddleware/server/public/build",
  "timestamp": "Oct-20-2025 13:29:00"
}
{
  "level": "debug",
  "message": "\n🚀 TSForms server running on port 8443",
  "timestamp": "Oct-20-2025 13:29:00"
}
{
  "level": "debug",
  "message": "📡 API: http://localhost:8443/telephonic-signature/api",
  "timestamp": "Oct-20-2025 13:29:00"
}
{
  "level": "debug",
  "message": "✓ PRODUCTION mode - serving React app at http://localhost:8443",
  "timestamp": "Oct-20-2025 13:29:00"
}
{
  "level": "debug",
  "message": "lacts.db - Executing (default): DELETE FROM `caltokens`",
  "timestamp": "Oct-20-2025 13:29:00"
}
{
  "level": "debug",
  "message": "lacts.db - Executing (default): SELECT name FROM sqlite_master WHERE type='table' AND name='wxtokens';",
  "timestamp": "Oct-20-2025 13:29:00"
}
{
  "level": "debug",
  "message": "lacts.db - Executing (default): SELECT `id`, `name`, `description`, `evenTypes`, `destinationUrl`, `status`, `createdBy`, `createdTime`, `createdAt`, `updatedAt` FROM `subscriptions` AS `subscriptions` LIMIT 1;",
  "timestamp": "Oct-20-2025 13:29:00"
}
{
  "level": "debug",
  "message": "lacts.db - Executing (default): DELETE FROM `wxtokens`",
  "timestamp": "Oct-20-2025 13:29:00"
}
{
  "level": "debug",
  "message": "lacts.db - Executing (default): PRAGMA INDEX_LIST(`wxtokens`)",
  "timestamp": "Oct-20-2025 13:29:00"
}
{
  "level": "debug",
  "message": "Error trying to find Subscriptions - Cannot read properties of undefined (reading 'dataValues')",
  "timestamp": "Oct-20-2025 13:29:00"
}
{
  "level": "info",
  "message": "Initializing the Scheduler..",
  "timestamp": "Oct-20-2025 13:29:00"
}
{
  "level": "info",
  "message": "Initializing the Scheduler - job_getWXRefreshToken",
  "timestamp": "Oct-20-2025 13:29:00"
}
{
  "level": "info",
  "message": "Initializing the Scheduler - job_getCAAccessToken",
  "timestamp": "Oct-20-2025 13:29:00"
}
{
  "level": "debug",
  "message": "lacts.db - Executing (default): PRAGMA INDEX_INFO(`sqlite_autoindex_wxtokens_1`)",
  "timestamp": "Oct-20-2025 13:29:00"
}
{
  "level": "debug",
  "message": "lacts.db - Executing (default): SELECT name FROM sqlite_master WHERE type='table' AND name='caltokens';",
  "timestamp": "Oct-20-2025 13:29:00"
}
{
  "level": "debug",
  "message": "lacts.db - Executing (default): PRAGMA INDEX_LIST(`caltokens`)",
  "timestamp": "Oct-20-2025 13:29:00"
}
{
  "level": "debug",
  "message": "lacts.db - Executing (default): SELECT name FROM sqlite_master WHERE type='table' AND name='subscriptions';",
  "timestamp": "Oct-20-2025 13:29:00"
}
{
  "level": "debug",
  "message": "lacts.db - Executing (default): PRAGMA INDEX_LIST(`subscriptions`)",
  "timestamp": "Oct-20-2025 13:29:00"
}
{
  "level": "debug",
  "message": "lacts.db - Executing (default): PRAGMA INDEX_INFO(`sqlite_autoindex_subscriptions_1`)",
  "timestamp": "Oct-20-2025 13:29:00"
}
{
  "level": "debug",
  "message": "lacts.db - Executing (default): SELECT name FROM sqlite_master WHERE type='table' AND name='wxAgents';",
  "timestamp": "Oct-20-2025 13:29:00"
}
{
  "level": "debug",
  "message": "lacts.db - Executing (default): PRAGMA INDEX_LIST(`wxAgents`)",
  "timestamp": "Oct-20-2025 13:29:00"
}
{
  "level": "debug",
  "message": "lacts.db - Executing (default): PRAGMA INDEX_INFO(`sqlite_autoindex_wxAgents_1`)",
  "timestamp": "Oct-20-2025 13:29:00"
}
{
  "level": "info",
  "message": "DB Connected!",
  "timestamp": "Oct-20-2025 13:29:00"
}
{
  "level": "info",
  "message": "Storing in CA token database: {\"access_token\":\"q95kigjdYgWQKtQB7KHoAashMEQ\",\"scope\":\"TeleSig_19\",\"token_type\":\"Bearer\",\"expires_in\":1229}",
  "timestamp": "Oct-20-2025 13:29:01"
}
{
  "level": "debug",
  "message": "lacts.db - Executing (default): SELECT `id`, `access_token`, `scope`, `token_type`, `expires_in`, `createdAt`, `updatedAt` FROM `caltokens` AS `caltokens` WHERE `caltokens`.`id` = 1;",
  "timestamp": "Oct-20-2025 13:29:01"
}
{
  "level": "info",
  "message": "No Existing token found in CA Database, updating / creating first one..",
  "timestamp": "Oct-20-2025 13:29:01"
}
{
  "level": "debug",
  "message": "lacts.db - Executing (default): INSERT INTO `caltokens` (`id`,`access_token`,`scope`,`token_type`,`expires_in`,`createdAt`,`updatedAt`) VALUES ($1,$2,$3,$4,$5,$6,$7) ON CONFLICT (`id`) DO UPDATE SET `id`=EXCLUDED.`id`,`access_token`=EXCLUDED.`access_token`,`scope`=EXCLUDED.`scope`,`expires_in`=EXCLUDED.`expires_in`,`token_type`=EXCLUDED.`token_type`,`updatedAt`=EXCLUDED.`updatedAt`;",
  "timestamp": "Oct-20-2025 13:29:01"
}
{
  "level": "debug",
  "message": "Created new CA DB record: [{\"id\":1,\"access_token\":\"q95kigjdYgWQKtQB7KHoAashMEQ\",\"scope\":\"TeleSig_19\",\"expires_in\":1229,\"token_type\":\"Bearer\"},null]",
  "timestamp": "Oct-20-2025 13:29:01"
}
{
  "level": "info",
  "message": "Storing in WX token database: {\"access_token\":\"ZGNlOWEzYWItNDU0ZC00OGY2LWE3ZGYtMzM5NDY5OTcxNzE3MDA0ZGEyNWYtYWUy_PF84_4f25a9a0-32e6-445f-b347-d920b9b857be\",\"expires_in\":1209599,\"refresh_token\":\"R2E1NzA0NjktYWNjZi00NTMwLWFhODQtNzgwM2VkZmNjY2RkMzQ1ZWI1Y2ItNmNi_PF84_4f25a9a0-32e6-445f-b347-d920b9b857be\",\"refresh_token_expires_in\":7703320,\"token_type\":\"Bearer\",\"scope\":\"cjp:config_write cjp:config_read\"}",
  "timestamp": "Oct-20-2025 13:29:01"
}
{
  "level": "debug",
  "message": "lacts.db - Executing (default): SELECT `id`, `access_token`, `expires_in`, `refresh_token`, `refresh_token_expires_in`, `token_type`, `scope`, `createdAt`, `updatedAt` FROM `wxtokens` AS `wxtokens` WHERE `wxtokens`.`id` = 1;",
  "timestamp": "Oct-20-2025 13:29:01"
}
{
  "level": "info",
  "message": "No Existing WX token found, updating / creating first one..",
  "timestamp": "Oct-20-2025 13:29:01"
}
{
  "level": "debug",
  "message": "lacts.db - Executing (default): INSERT INTO `wxtokens` (`id`,`access_token`,`expires_in`,`refresh_token`,`refresh_token_expires_in`,`token_type`,`scope`,`createdAt`,`updatedAt`) VALUES ($1,$2,$3,$4,$5,$6,$7,$8,$9) ON CONFLICT (`id`) DO UPDATE SET `id`=EXCLUDED.`id`,`access_token`=EXCLUDED.`access_token`,`expires_in`=EXCLUDED.`expires_in`,`refresh_token`=EXCLUDED.`refresh_token`,`refresh_token_expires_in`=EXCLUDED.`refresh_token_expires_in`,`token_type`=EXCLUDED.`token_type`,`scope`=EXCLUDED.`scope`,`updatedAt`=EXCLUDED.`updatedAt`;",
  "timestamp": "Oct-20-2025 13:29:01"
}
{
  "level": "debug",
  "message": "Created new WX token DB record: [{\"id\":1,\"access_token\":\"ZGNlOWEzYWItNDU0ZC00OGY2LWE3ZGYtMzM5NDY5OTcxNzE3MDA0ZGEyNWYtYWUy_PF84_4f25a9a0-32e6-445f-b347-d920b9b857be\",\"expires_in\":1209599,\"refresh_token\":\"R2E1NzA0NjktYWNjZi00NTMwLWFhODQtNzgwM2VkZmNjY2RkMzQ1ZWI1Y2ItNmNi_PF84_4f25a9a0-32e6-445f-b347-d920b9b857be\",\"refresh_token_expires_in\":7703320,\"token_type\":\"Bearer\",\"scope\":\"cjp:config_write cjp:config_read\"},null]",
  "timestamp": "Oct-20-2025 13:29:01"
}
{
  "level": "debug",
  "message": "Trying request for WX Token with params: {\"grant_type\":\"refresh_token\",\"client_id\":\"C2dee08fe0c3cdfb22000cedd22a99e24fa1120d948416d67ee49b2f889e69d2c\",\"client_secret\":\"c0ce4cc51127444b90ac2f9a908a860f60b528bb86a08c7b721bccb301a0ff22\",\"refresh_token\":\"R2E1NzA0NjktYWNjZi00NTMwLWFhODQtNzgwM2VkZmNjY2RkMzQ1ZWI1Y2ItNmNi_PF84_4f25a9a0-32e6-445f-b347-d920b9b857be\"}",
  "timestamp": "Oct-20-2025 13:44:00"
}
{
  "level": "debug",
  "message": "Trying CA token request with params: {\"client_id\":\"5KLMJtqxDnthworg\",\"client_secret\":\";L/89v(NA*uUS?Mq/>f\",\"scope\":\"TeleSig_19\"}",
  "timestamp": "Oct-20-2025 13:44:00"
}
{
  "level": "info",
  "message": "Storing in CA token database: {\"access_token\":\"t9K1JYwm6CDYvAXr8RgRzT2xatk\",\"scope\":\"TeleSig_19\",\"token_type\":\"Bearer\",\"expires_in\":1229}",
  "timestamp": "Oct-20-2025 13:44:01"
}
{
  "level": "debug",
  "message": "lacts.db - Executing (default): SELECT `id`, `access_token`, `scope`, `token_type`, `expires_in`, `createdAt`, `updatedAt` FROM `caltokens` AS `caltokens` WHERE `caltokens`.`id` = 1;",
  "timestamp": "Oct-20-2025 13:44:01"
}
{
  "level": "info",
  "message": "Found existing token details in CA DB: {\"id\":1,\"access_token\":\"q95kigjdYgWQKtQB7KHoAashMEQ\",\"scope\":\"TeleSig_19\",\"token_type\":\"Bearer\",\"expires_in\":1229,\"createdAt\":\"2025-10-20T20:29:01.021Z\",\"updatedAt\":\"2025-10-20T20:29:01.021Z\"} updating with this data:-> {\"access_token\":\"t9K1JYwm6CDYvAXr8RgRzT2xatk\",\"scope\":\"TeleSig_19\",\"token_type\":\"Bearer\",\"expires_in\":1229}",
  "timestamp": "Oct-20-2025 13:44:01"
}
{
  "level": "debug",
  "message": "lacts.db - Executing (default): INSERT INTO `caltokens` (`id`,`access_token`,`scope`,`token_type`,`expires_in`,`createdAt`,`updatedAt`) VALUES ($1,$2,$3,$4,$5,$6,$7) ON CONFLICT (`id`) DO UPDATE SET `id`=EXCLUDED.`id`,`access_token`=EXCLUDED.`access_token`,`scope`=EXCLUDED.`scope`,`expires_in`=EXCLUDED.`expires_in`,`token_type`=EXCLUDED.`token_type`,`updatedAt`=EXCLUDED.`updatedAt`;",
  "timestamp": "Oct-20-2025 13:44:01"
}
{
  "level": "debug",
  "message": "Created new CA DB record: [{\"id\":1,\"access_token\":\"t9K1JYwm6CDYvAXr8RgRzT2xatk\",\"scope\":\"TeleSig_19\",\"expires_in\":1229,\"token_type\":\"Bearer\"},null]",
  "timestamp": "Oct-20-2025 13:44:01"
}
{
  "level": "info",
  "message": "Storing in WX token database: {\"access_token\":\"MjJhN2ZlZDAtOGZlNi00ZmE4LWFiNDQtZWUwZDM4YmE3YjYyYzg3MTA4OWItNzJk_PF84_4f25a9a0-32e6-445f-b347-d920b9b857be\",\"expires_in\":1209599,\"refresh_token\":\"R2E1NzA0NjktYWNjZi00NTMwLWFhODQtNzgwM2VkZmNjY2RkMzQ1ZWI1Y2ItNmNi_PF84_4f25a9a0-32e6-445f-b347-d920b9b857be\",\"refresh_token_expires_in\":7702420,\"token_type\":\"Bearer\",\"scope\":\"cjp:config_write cjp:config_read\"}",
  "timestamp": "Oct-20-2025 13:44:01"
}
{
  "level": "debug",
  "message": "lacts.db - Executing (default): SELECT `id`, `access_token`, `expires_in`, `refresh_token`, `refresh_token_expires_in`, `token_type`, `scope`, `createdAt`, `updatedAt` FROM `wxtokens` AS `wxtokens` WHERE `wxtokens`.`id` = 1;",
  "timestamp": "Oct-20-2025 13:44:01"
}
{
  "level": "info",
  "message": "Found existing token details in WX DB: {\"id\":\"1\",\"access_token\":\"ZGNlOWEzYWItNDU0ZC00OGY2LWE3ZGYtMzM5NDY5OTcxNzE3MDA0ZGEyNWYtYWUy_PF84_4f25a9a0-32e6-445f-b347-d920b9b857be\",\"expires_in\":1209599,\"refresh_token\":\"R2E1NzA0NjktYWNjZi00NTMwLWFhODQtNzgwM2VkZmNjY2RkMzQ1ZWI1Y2ItNmNi_PF84_4f25a9a0-32e6-445f-b347-d920b9b857be\",\"refresh_token_expires_in\":7703320,\"token_type\":\"Bearer\",\"scope\":\"cjp:config_write cjp:config_read\",\"createdAt\":\"2025-10-20T20:29:01.242Z\",\"updatedAt\":\"2025-10-20T20:29:01.242Z\"} updating with this data:-> {\"access_token\":\"MjJhN2ZlZDAtOGZlNi00ZmE4LWFiNDQtZWUwZDM4YmE3YjYyYzg3MTA4OWItNzJk_PF84_4f25a9a0-32e6-445f-b347-d920b9b857be\",\"expires_in\":1209599,\"refresh_token\":\"R2E1NzA0NjktYWNjZi00NTMwLWFhODQtNzgwM2VkZmNjY2RkMzQ1ZWI1Y2ItNmNi_PF84_4f25a9a0-32e6-445f-b347-d920b9b857be\",\"refresh_token_expires_in\":7702420,\"token_type\":\"Bearer\",\"scope\":\"cjp:config_write cjp:config_read\"}",
  "timestamp": "Oct-20-2025 13:44:01"
}
{
  "level": "debug",
  "message": "lacts.db - Executing (default): INSERT INTO `wxtokens` (`id`,`access_token`,`expires_in`,`refresh_token`,`refresh_token_expires_in`,`token_type`,`scope`,`createdAt`,`updatedAt`) VALUES ($1,$2,$3,$4,$5,$6,$7,$8,$9) ON CONFLICT (`id`) DO UPDATE SET `id`=EXCLUDED.`id`,`access_token`=EXCLUDED.`access_token`,`expires_in`=EXCLUDED.`expires_in`,`refresh_token`=EXCLUDED.`refresh_token`,`refresh_token_expires_in`=EXCLUDED.`refresh_token_expires_in`,`token_type`=EXCLUDED.`token_type`,`scope`=EXCLUDED.`scope`,`updatedAt`=EXCLUDED.`updatedAt`;",
  "timestamp": "Oct-20-2025 13:44:01"
}
{
  "level": "debug",
  "message": "Created new WX token DB record: [{\"id\":1,\"access_token\":\"MjJhN2ZlZDAtOGZlNi00ZmE4LWFiNDQtZWUwZDM4YmE3YjYyYzg3MTA4OWItNzJk_PF84_4f25a9a0-32e6-445f-b347-d920b9b857be\",\"expires_in\":1209599,\"refresh_token\":\"R2E1NzA0NjktYWNjZi00NTMwLWFhODQtNzgwM2VkZmNjY2RkMzQ1ZWI1Y2ItNmNi_PF84_4f25a9a0-32e6-445f-b347-d920b9b857be\",\"refresh_token_expires_in\":7702420,\"token_type\":\"Bearer\",\"scope\":\"cjp:config_write cjp:config_read\"},null]",
  "timestamp": "Oct-20-2025 13:44:01"
}
{
  "level": "info",
  "message": "Server starting",
  "timestamp": "Oct-20-2025 13:45:56"
}
{
  "level": "info",
  "message": "LOG_LEVEL -debug",
  "timestamp": "Oct-20-2025 13:45:56"
}
{
  "level": "info",
  "message": "WEBHOOK_URL -https://zjwalsh-vmware.tail4794a2.ts.net/webhook/webhook",
  "timestamp": "Oct-20-2025 13:45:56"
}
{
  "level": "info",
  "message": "WXCLIENT_ID -C2dee08fe0c3cdfb22000cedd22a99e24fa1120d948416d67ee49b2f889e69d2c",
  "timestamp": "Oct-20-2025 13:45:56"
}
{
  "level": "info",
  "message": "WXCLIENT_ORGID -4f25a9a0-32e6-445f-b347-d920b9b857be",
  "timestamp": "Oct-20-2025 13:45:56"
}
{
  "level": "info",
  "message": "WXCLIENT_SECRET -c0ce4cc51127444b90ac2f9a908a860f60b528bb86a08c7b721bccb301a0ff22",
  "timestamp": "Oct-20-2025 13:45:56"
}
{
  "level": "debug",
  "message": "Delete all records in WX Token database.",
  "timestamp": "Oct-20-2025 13:45:56"
}
{
  "level": "debug",
  "message": "Delete all records in caltokens.",
  "timestamp": "Oct-20-2025 13:45:56"
}
{
  "level": "debug",
  "message": "Trying request for WX Token with params: {\"grant_type\":\"refresh_token\",\"client_id\":\"C2dee08fe0c3cdfb22000cedd22a99e24fa1120d948416d67ee49b2f889e69d2c\",\"client_secret\":\"c0ce4cc51127444b90ac2f9a908a860f60b528bb86a08c7b721bccb301a0ff22\",\"refresh_token\":\"R2E1NzA0NjktYWNjZi00NTMwLWFhODQtNzgwM2VkZmNjY2RkMzQ1ZWI1Y2ItNmNi_PF84_4f25a9a0-32e6-445f-b347-d920b9b857be\"}",
  "timestamp": "Oct-20-2025 13:45:56"
}
{
  "level": "debug",
  "message": "Trying CA token request with params: {\"client_id\":\"5KLMJtqxDnthworg\",\"client_secret\":\";L/89v(NA*uUS?Mq/>f\",\"scope\":\"TeleSig_19\"}",
  "timestamp": "Oct-20-2025 13:45:56"
}
{
  "level": "debug",
  "message": "Find all Subscription  ",
  "timestamp": "Oct-20-2025 13:45:56"
}
{
  "level": "debug",
  "message": "✓ Exposed /tsforms-widget.styles.css -> /home/zjwalsh/Projects/TSMiddleware/server/public/build/static/css/main.4b78de22.css",
  "timestamp": "Oct-20-2025 13:45:56"
}
{
  "level": "debug",
  "message": "✓ Exposed /tsforms-widget.bundle.js -> /home/zjwalsh/Projects/TSMiddleware/server/public/build/static/js/main.3f09ed18.js",
  "timestamp": "Oct-20-2025 13:45:56"
}
{
  "level": "debug",
  "message": "✓ Serving static build files from: /home/zjwalsh/Projects/TSMiddleware/server/public/build",
  "timestamp": "Oct-20-2025 13:45:56"
}
{
  "level": "debug",
  "message": "\n🚀 TSForms server running on port 8443",
  "timestamp": "Oct-20-2025 13:45:56"
}
{
  "level": "debug",
  "message": "📡 API: http://localhost:8443/telephonic-signature/api",
  "timestamp": "Oct-20-2025 13:45:56"
}
{
  "level": "debug",
  "message": "✓ PRODUCTION mode - serving React app at http://localhost:8443",
  "timestamp": "Oct-20-2025 13:45:56"
}
{
  "level": "debug",
  "message": "lacts.db - Executing (default): DELETE FROM `caltokens`",
  "timestamp": "Oct-20-2025 13:45:56"
}
{
  "level": "debug",
  "message": "lacts.db - Executing (default): SELECT name FROM sqlite_master WHERE type='table' AND name='wxtokens';",
  "timestamp": "Oct-20-2025 13:45:56"
}
{
  "level": "debug",
  "message": "lacts.db - Executing (default): SELECT `id`, `name`, `description`, `evenTypes`, `destinationUrl`, `status`, `createdBy`, `createdTime`, `createdAt`, `updatedAt` FROM `subscriptions` AS `subscriptions` LIMIT 1;",
  "timestamp": "Oct-20-2025 13:45:56"
}
{
  "level": "debug",
  "message": "lacts.db - Executing (default): DELETE FROM `wxtokens`",
  "timestamp": "Oct-20-2025 13:45:56"
}
{
  "level": "debug",
  "message": "lacts.db - Executing (default): PRAGMA INDEX_LIST(`wxtokens`)",
  "timestamp": "Oct-20-2025 13:45:56"
}
{
  "level": "debug",
  "message": "Error trying to find Subscriptions - Cannot read properties of undefined (reading 'dataValues')",
  "timestamp": "Oct-20-2025 13:45:56"
}
{
  "level": "info",
  "message": "Initializing the Scheduler..",
  "timestamp": "Oct-20-2025 13:45:56"
}
{
  "level": "info",
  "message": "Initializing the Scheduler - job_getWXRefreshToken",
  "timestamp": "Oct-20-2025 13:45:56"
}
{
  "level": "info",
  "message": "Initializing the Scheduler - job_getCAAccessToken",
  "timestamp": "Oct-20-2025 13:45:56"
}
{
  "level": "debug",
  "message": "lacts.db - Executing (default): PRAGMA INDEX_INFO(`sqlite_autoindex_wxtokens_1`)",
  "timestamp": "Oct-20-2025 13:45:56"
}
{
  "level": "debug",
  "message": "lacts.db - Executing (default): SELECT name FROM sqlite_master WHERE type='table' AND name='caltokens';",
  "timestamp": "Oct-20-2025 13:45:56"
}
{
  "level": "debug",
  "message": "lacts.db - Executing (default): PRAGMA INDEX_LIST(`caltokens`)",
  "timestamp": "Oct-20-2025 13:45:56"
}
{
  "level": "debug",
  "message": "lacts.db - Executing (default): SELECT name FROM sqlite_master WHERE type='table' AND name='subscriptions';",
  "timestamp": "Oct-20-2025 13:45:56"
}
{
  "level": "debug",
  "message": "lacts.db - Executing (default): PRAGMA INDEX_LIST(`subscriptions`)",
  "timestamp": "Oct-20-2025 13:45:56"
}
{
  "level": "debug",
  "message": "lacts.db - Executing (default): PRAGMA INDEX_INFO(`sqlite_autoindex_subscriptions_1`)",
  "timestamp": "Oct-20-2025 13:45:56"
}
{
  "level": "debug",
  "message": "lacts.db - Executing (default): SELECT name FROM sqlite_master WHERE type='table' AND name='wxAgents';",
  "timestamp": "Oct-20-2025 13:45:56"
}
{
  "level": "debug",
  "message": "lacts.db - Executing (default): PRAGMA INDEX_LIST(`wxAgents`)",
  "timestamp": "Oct-20-2025 13:45:56"
}
{
  "level": "debug",
  "message": "lacts.db - Executing (default): PRAGMA INDEX_INFO(`sqlite_autoindex_wxAgents_1`)",
  "timestamp": "Oct-20-2025 13:45:56"
}
{
  "level": "info",
  "message": "DB Connected!",
  "timestamp": "Oct-20-2025 13:45:56"
}
{
  "level": "info",
  "message": "Storing in CA token database: {\"access_token\":\"LM4S4Rq3K3di9cMUrIJFCMt7bJQ\",\"scope\":\"TeleSig_19\",\"token_type\":\"Bearer\",\"expires_in\":1229}",
  "timestamp": "Oct-20-2025 13:45:56"
}
{
  "level": "debug",
  "message": "lacts.db - Executing (default): SELECT `id`, `access_token`, `scope`, `token_type`, `expires_in`, `createdAt`, `updatedAt` FROM `caltokens` AS `caltokens` WHERE `caltokens`.`id` = 1;",
  "timestamp": "Oct-20-2025 13:45:56"
}
{
  "level": "info",
  "message": "No Existing token found in CA Database, updating / creating first one..",
  "timestamp": "Oct-20-2025 13:45:56"
}
{
  "level": "debug",
  "message": "lacts.db - Executing (default): INSERT INTO `caltokens` (`id`,`access_token`,`scope`,`token_type`,`expires_in`,`createdAt`,`updatedAt`) VALUES ($1,$2,$3,$4,$5,$6,$7) ON CONFLICT (`id`) DO UPDATE SET `id`=EXCLUDED.`id`,`access_token`=EXCLUDED.`access_token`,`scope`=EXCLUDED.`scope`,`expires_in`=EXCLUDED.`expires_in`,`token_type`=EXCLUDED.`token_type`,`updatedAt`=EXCLUDED.`updatedAt`;",
  "timestamp": "Oct-20-2025 13:45:56"
}
{
  "level": "debug",
  "message": "Created new CA DB record: [{\"id\":1,\"access_token\":\"LM4S4Rq3K3di9cMUrIJFCMt7bJQ\",\"scope\":\"TeleSig_19\",\"expires_in\":1229,\"token_type\":\"Bearer\"},null]",
  "timestamp": "Oct-20-2025 13:45:56"
}
{
  "level": "info",
  "message": "Storing in WX token database: {\"access_token\":\"NjA2ODM3MTUtMjVlNS00MWNhLTg4YTYtMmNjNjZjYTk5Njg0MjUyYWQ5OGQtZDAw_PF84_4f25a9a0-32e6-445f-b347-d920b9b857be\",\"expires_in\":1209599,\"refresh_token\":\"R2E1NzA0NjktYWNjZi00NTMwLWFhODQtNzgwM2VkZmNjY2RkMzQ1ZWI1Y2ItNmNi_PF84_4f25a9a0-32e6-445f-b347-d920b9b857be\",\"refresh_token_expires_in\":7702304,\"token_type\":\"Bearer\",\"scope\":\"cjp:config_write cjp:config_read\"}",
  "timestamp": "Oct-20-2025 13:45:56"
}
{
  "level": "debug",
  "message": "lacts.db - Executing (default): SELECT `id`, `access_token`, `expires_in`, `refresh_token`, `refresh_token_expires_in`, `token_type`, `scope`, `createdAt`, `updatedAt` FROM `wxtokens` AS `wxtokens` WHERE `wxtokens`.`id` = 1;",
  "timestamp": "Oct-20-2025 13:45:56"
}
{
  "level": "info",
  "message": "No Existing WX token found, updating / creating first one..",
  "timestamp": "Oct-20-2025 13:45:56"
}
{
  "level": "debug",
  "message": "lacts.db - Executing (default): INSERT INTO `wxtokens` (`id`,`access_token`,`expires_in`,`refresh_token`,`refresh_token_expires_in`,`token_type`,`scope`,`createdAt`,`updatedAt`) VALUES ($1,$2,$3,$4,$5,$6,$7,$8,$9) ON CONFLICT (`id`) DO UPDATE SET `id`=EXCLUDED.`id`,`access_token`=EXCLUDED.`access_token`,`expires_in`=EXCLUDED.`expires_in`,`refresh_token`=EXCLUDED.`refresh_token`,`refresh_token_expires_in`=EXCLUDED.`refresh_token_expires_in`,`token_type`=EXCLUDED.`token_type`,`scope`=EXCLUDED.`scope`,`updatedAt`=EXCLUDED.`updatedAt`;",
  "timestamp": "Oct-20-2025 13:45:56"
}
{
  "level": "debug",
  "message": "Created new WX token DB record: [{\"id\":1,\"access_token\":\"NjA2ODM3MTUtMjVlNS00MWNhLTg4YTYtMmNjNjZjYTk5Njg0MjUyYWQ5OGQtZDAw_PF84_4f25a9a0-32e6-445f-b347-d920b9b857be\",\"expires_in\":1209599,\"refresh_token\":\"R2E1NzA0NjktYWNjZi00NTMwLWFhODQtNzgwM2VkZmNjY2RkMzQ1ZWI1Y2ItNmNi_PF84_4f25a9a0-32e6-445f-b347-d920b9b857be\",\"refresh_token_expires_in\":7702304,\"token_type\":\"Bearer\",\"scope\":\"cjp:config_write cjp:config_read\"},null]",
  "timestamp": "Oct-20-2025 13:45:56"
}
{
  "level": "debug",
  "message": "Trying request for WX Token with params: {\"grant_type\":\"refresh_token\",\"client_id\":\"C2dee08fe0c3cdfb22000cedd22a99e24fa1120d948416d67ee49b2f889e69d2c\",\"client_secret\":\"c0ce4cc51127444b90ac2f9a908a860f60b528bb86a08c7b721bccb301a0ff22\",\"refresh_token\":\"R2E1NzA0NjktYWNjZi00NTMwLWFhODQtNzgwM2VkZmNjY2RkMzQ1ZWI1Y2ItNmNi_PF84_4f25a9a0-32e6-445f-b347-d920b9b857be\"}",
  "timestamp": "Oct-20-2025 14:00:56"
}
{
  "level": "debug",
  "message": "Trying CA token request with params: {\"client_id\":\"5KLMJtqxDnthworg\",\"client_secret\":\";L/89v(NA*uUS?Mq/>f\",\"scope\":\"TeleSig_19\"}",
  "timestamp": "Oct-20-2025 14:00:56"
}
{
  "level": "info",
  "message": "Storing in CA token database: {\"access_token\":\"yEwwTHdMc8AoG8wz8C4a8VkQBTc\",\"scope\":\"TeleSig_19\",\"token_type\":\"Bearer\",\"expires_in\":1229}",
  "timestamp": "Oct-20-2025 14:00:56"
}
{
  "level": "debug",
  "message": "lacts.db - Executing (default): SELECT `id`, `access_token`, `scope`, `token_type`, `expires_in`, `createdAt`, `updatedAt` FROM `caltokens` AS `caltokens` WHERE `caltokens`.`id` = 1;",
  "timestamp": "Oct-20-2025 14:00:56"
}
{
  "level": "info",
  "message": "Found existing token details in CA DB: {\"id\":1,\"access_token\":\"LM4S4Rq3K3di9cMUrIJFCMt7bJQ\",\"scope\":\"TeleSig_19\",\"token_type\":\"Bearer\",\"expires_in\":1229,\"createdAt\":\"2025-10-20T20:45:56.893Z\",\"updatedAt\":\"2025-10-20T20:45:56.893Z\"} updating with this data:-> {\"access_token\":\"yEwwTHdMc8AoG8wz8C4a8VkQBTc\",\"scope\":\"TeleSig_19\",\"token_type\":\"Bearer\",\"expires_in\":1229}",
  "timestamp": "Oct-20-2025 14:00:56"
}
{
  "level": "debug",
  "message": "lacts.db - Executing (default): INSERT INTO `caltokens` (`id`,`access_token`,`scope`,`token_type`,`expires_in`,`createdAt`,`updatedAt`) VALUES ($1,$2,$3,$4,$5,$6,$7) ON CONFLICT (`id`) DO UPDATE SET `id`=EXCLUDED.`id`,`access_token`=EXCLUDED.`access_token`,`scope`=EXCLUDED.`scope`,`expires_in`=EXCLUDED.`expires_in`,`token_type`=EXCLUDED.`token_type`,`updatedAt`=EXCLUDED.`updatedAt`;",
  "timestamp": "Oct-20-2025 14:00:56"
}
{
  "level": "debug",
  "message": "Created new CA DB record: [{\"id\":1,\"access_token\":\"yEwwTHdMc8AoG8wz8C4a8VkQBTc\",\"scope\":\"TeleSig_19\",\"expires_in\":1229,\"token_type\":\"Bearer\"},null]",
  "timestamp": "Oct-20-2025 14:00:56"
}
{
  "level": "info",
  "message": "Storing in WX token database: {\"access_token\":\"MjA2NWFiMDAtODQzNC00OTU0LWJlYTItMDQwM2FkMDA5MDdlYzk1Mjc1Y2EtNzg5_PF84_4f25a9a0-32e6-445f-b347-d920b9b857be\",\"expires_in\":1209599,\"refresh_token\":\"R2E1NzA0NjktYWNjZi00NTMwLWFhODQtNzgwM2VkZmNjY2RkMzQ1ZWI1Y2ItNmNi_PF84_4f25a9a0-32e6-445f-b347-d920b9b857be\",\"refresh_token_expires_in\":7701404,\"token_type\":\"Bearer\",\"scope\":\"cjp:config_write cjp:config_read\"}",
  "timestamp": "Oct-20-2025 14:00:57"
}
{
  "level": "debug",
  "message": "lacts.db - Executing (default): SELECT `id`, `access_token`, `expires_in`, `refresh_token`, `refresh_token_expires_in`, `token_type`, `scope`, `createdAt`, `updatedAt` FROM `wxtokens` AS `wxtokens` WHERE `wxtokens`.`id` = 1;",
  "timestamp": "Oct-20-2025 14:00:57"
}
{
  "level": "info",
  "message": "Found existing token details in WX DB: {\"id\":\"1\",\"access_token\":\"NjA2ODM3MTUtMjVlNS00MWNhLTg4YTYtMmNjNjZjYTk5Njg0MjUyYWQ5OGQtZDAw_PF84_4f25a9a0-32e6-445f-b347-d920b9b857be\",\"expires_in\":1209599,\"refresh_token\":\"R2E1NzA0NjktYWNjZi00NTMwLWFhODQtNzgwM2VkZmNjY2RkMzQ1ZWI1Y2ItNmNi_PF84_4f25a9a0-32e6-445f-b347-d920b9b857be\",\"refresh_token_expires_in\":7702304,\"token_type\":\"Bearer\",\"scope\":\"cjp:config_write cjp:config_read\",\"createdAt\":\"2025-10-20T20:45:56.978Z\",\"updatedAt\":\"2025-10-20T20:45:56.978Z\"} updating with this data:-> {\"access_token\":\"MjA2NWFiMDAtODQzNC00OTU0LWJlYTItMDQwM2FkMDA5MDdlYzk1Mjc1Y2EtNzg5_PF84_4f25a9a0-32e6-445f-b347-d920b9b857be\",\"expires_in\":1209599,\"refresh_token\":\"R2E1NzA0NjktYWNjZi00NTMwLWFhODQtNzgwM2VkZmNjY2RkMzQ1ZWI1Y2ItNmNi_PF84_4f25a9a0-32e6-445f-b347-d920b9b857be\",\"refresh_token_expires_in\":7701404,\"token_type\":\"Bearer\",\"scope\":\"cjp:config_write cjp:config_read\"}",
  "timestamp": "Oct-20-2025 14:00:57"
}
{
  "level": "debug",
  "message": "lacts.db - Executing (default): INSERT INTO `wxtokens` (`id`,`access_token`,`expires_in`,`refresh_token`,`refresh_token_expires_in`,`token_type`,`scope`,`createdAt`,`updatedAt`) VALUES ($1,$2,$3,$4,$5,$6,$7,$8,$9) ON CONFLICT (`id`) DO UPDATE SET `id`=EXCLUDED.`id`,`access_token`=EXCLUDED.`access_token`,`expires_in`=EXCLUDED.`expires_in`,`refresh_token`=EXCLUDED.`refresh_token`,`refresh_token_expires_in`=EXCLUDED.`refresh_token_expires_in`,`token_type`=EXCLUDED.`token_type`,`scope`=EXCLUDED.`scope`,`updatedAt`=EXCLUDED.`updatedAt`;",
  "timestamp": "Oct-20-2025 14:00:57"
}
{
  "level": "debug",
  "message": "Created new WX token DB record: [{\"id\":1,\"access_token\":\"MjA2NWFiMDAtODQzNC00OTU0LWJlYTItMDQwM2FkMDA5MDdlYzk1Mjc1Y2EtNzg5_PF84_4f25a9a0-32e6-445f-b347-d920b9b857be\",\"expires_in\":1209599,\"refresh_token\":\"R2E1NzA0NjktYWNjZi00NTMwLWFhODQtNzgwM2VkZmNjY2RkMzQ1ZWI1Y2ItNmNi_PF84_4f25a9a0-32e6-445f-b347-d920b9b857be\",\"refresh_token_expires_in\":7701404,\"token_type\":\"Bearer\",\"scope\":\"cjp:config_write cjp:config_read\"},null]",
  "timestamp": "Oct-20-2025 14:00:57"
}
{
  "level": "info",
  "message": "Server starting",
  "timestamp": "Oct-20-2025 14:12:53"
}
{
  "level": "info",
  "message": "LOG_LEVEL -debug",
  "timestamp": "Oct-20-2025 14:12:53"
}
{
  "level": "info",
  "message": "WEBHOOK_URL -https://zjwalsh-vmware.tail4794a2.ts.net/webhook/webhook",
  "timestamp": "Oct-20-2025 14:12:53"
}
{
  "level": "info",
  "message": "WXCLIENT_ID -C2dee08fe0c3cdfb22000cedd22a99e24fa1120d948416d67ee49b2f889e69d2c",
  "timestamp": "Oct-20-2025 14:12:53"
}
{
  "level": "info",
  "message": "WXCLIENT_ORGID -4f25a9a0-32e6-445f-b347-d920b9b857be",
  "timestamp": "Oct-20-2025 14:12:53"
}
{
  "level": "info",
  "message": "WXCLIENT_SECRET -c0ce4cc51127444b90ac2f9a908a860f60b528bb86a08c7b721bccb301a0ff22",
  "timestamp": "Oct-20-2025 14:12:53"
}
{
  "level": "debug",
  "message": "Delete all records in WX Token database.",
  "timestamp": "Oct-20-2025 14:12:53"
}
{
  "level": "debug",
  "message": "Delete all records in caltokens.",
  "timestamp": "Oct-20-2025 14:12:53"
}
{
  "level": "debug",
  "message": "Trying request for WX Token with params: {\"grant_type\":\"refresh_token\",\"client_id\":\"C2dee08fe0c3cdfb22000cedd22a99e24fa1120d948416d67ee49b2f889e69d2c\",\"client_secret\":\"c0ce4cc51127444b90ac2f9a908a860f60b528bb86a08c7b721bccb301a0ff22\",\"refresh_token\":\"R2E1NzA0NjktYWNjZi00NTMwLWFhODQtNzgwM2VkZmNjY2RkMzQ1ZWI1Y2ItNmNi_PF84_4f25a9a0-32e6-445f-b347-d920b9b857be\"}",
  "timestamp": "Oct-20-2025 14:12:53"
}
{
  "level": "debug",
  "message": "Trying CA token request with params: {\"client_id\":\"5KLMJtqxDnthworg\",\"client_secret\":\";L/89v(NA*uUS?Mq/>f\",\"scope\":\"TeleSig_19\"}",
  "timestamp": "Oct-20-2025 14:12:53"
}
{
  "level": "debug",
  "message": "Find all Subscription  ",
  "timestamp": "Oct-20-2025 14:12:53"
}
{
  "level": "debug",
  "message": "✓ Exposed /tsforms-widget.styles.css -> /home/zjwalsh/Projects/TSMiddleware/server/public/build/static/css/main.4b78de22.css",
  "timestamp": "Oct-20-2025 14:12:53"
}
{
  "level": "debug",
  "message": "✓ Exposed /tsforms-widget.bundle.js -> /home/zjwalsh/Projects/TSMiddleware/server/public/build/static/js/main.3f09ed18.js",
  "timestamp": "Oct-20-2025 14:12:53"
}
{
  "level": "debug",
  "message": "✓ Serving static build files from: /home/zjwalsh/Projects/TSMiddleware/server/public/build",
  "timestamp": "Oct-20-2025 14:12:53"
}
{
  "level": "debug",
  "message": "\n🚀 TSForms server running on port 8443",
  "timestamp": "Oct-20-2025 14:12:53"
}
{
  "level": "debug",
  "message": "📡 API: http://localhost:8443/telephonic-signature/api",
  "timestamp": "Oct-20-2025 14:12:53"
}
{
  "level": "debug",
  "message": "✓ PRODUCTION mode - serving React app at http://localhost:8443",
  "timestamp": "Oct-20-2025 14:12:53"
}
{
  "level": "debug",
  "message": "lacts.db - Executing (default): DELETE FROM `caltokens`",
  "timestamp": "Oct-20-2025 14:12:53"
}
{
  "level": "debug",
  "message": "lacts.db - Executing (default): SELECT name FROM sqlite_master WHERE type='table' AND name='wxtokens';",
  "timestamp": "Oct-20-2025 14:12:53"
}
{
  "level": "debug",
  "message": "lacts.db - Executing (default): SELECT `id`, `name`, `description`, `evenTypes`, `destinationUrl`, `status`, `createdBy`, `createdTime`, `createdAt`, `updatedAt` FROM `subscriptions` AS `subscriptions` LIMIT 1;",
  "timestamp": "Oct-20-2025 14:12:53"
}
{
  "level": "debug",
  "message": "lacts.db - Executing (default): DELETE FROM `wxtokens`",
  "timestamp": "Oct-20-2025 14:12:53"
}
{
  "level": "debug",
  "message": "lacts.db - Executing (default): PRAGMA INDEX_LIST(`wxtokens`)",
  "timestamp": "Oct-20-2025 14:12:53"
}
{
  "level": "debug",
  "message": "Error trying to find Subscriptions - Cannot read properties of undefined (reading 'dataValues')",
  "timestamp": "Oct-20-2025 14:12:53"
}
{
  "level": "info",
  "message": "Initializing the Scheduler..",
  "timestamp": "Oct-20-2025 14:12:53"
}
{
  "level": "info",
  "message": "Initializing the Scheduler - job_getWXRefreshToken",
  "timestamp": "Oct-20-2025 14:12:53"
}
{
  "level": "info",
  "message": "Initializing the Scheduler - job_getCAAccessToken",
  "timestamp": "Oct-20-2025 14:12:53"
}
{
  "level": "debug",
  "message": "lacts.db - Executing (default): PRAGMA INDEX_INFO(`sqlite_autoindex_wxtokens_1`)",
  "timestamp": "Oct-20-2025 14:12:53"
}
{
  "level": "debug",
  "message": "lacts.db - Executing (default): SELECT name FROM sqlite_master WHERE type='table' AND name='caltokens';",
  "timestamp": "Oct-20-2025 14:12:53"
}
{
  "level": "debug",
  "message": "lacts.db - Executing (default): PRAGMA INDEX_LIST(`caltokens`)",
  "timestamp": "Oct-20-2025 14:12:53"
}
{
  "level": "debug",
  "message": "lacts.db - Executing (default): SELECT name FROM sqlite_master WHERE type='table' AND name='subscriptions';",
  "timestamp": "Oct-20-2025 14:12:53"
}
{
  "level": "debug",
  "message": "lacts.db - Executing (default): PRAGMA INDEX_LIST(`subscriptions`)",
  "timestamp": "Oct-20-2025 14:12:53"
}
{
  "level": "debug",
  "message": "lacts.db - Executing (default): PRAGMA INDEX_INFO(`sqlite_autoindex_subscriptions_1`)",
  "timestamp": "Oct-20-2025 14:12:53"
}
{
  "level": "debug",
  "message": "lacts.db - Executing (default): SELECT name FROM sqlite_master WHERE type='table' AND name='wxAgents';",
  "timestamp": "Oct-20-2025 14:12:53"
}
{
  "level": "debug",
  "message": "lacts.db - Executing (default): PRAGMA INDEX_LIST(`wxAgents`)",
  "timestamp": "Oct-20-2025 14:12:53"
}
{
  "level": "debug",
  "message": "lacts.db - Executing (default): PRAGMA INDEX_INFO(`sqlite_autoindex_wxAgents_1`)",
  "timestamp": "Oct-20-2025 14:12:53"
}
{
  "level": "info",
  "message": "DB Connected!",
  "timestamp": "Oct-20-2025 14:12:53"
}
{
  "level": "info",
  "message": "Storing in CA token database: {\"access_token\":\"HlbgIVWeERDYTnX2OvkgUi5XhKA\",\"scope\":\"TeleSig_19\",\"token_type\":\"Bearer\",\"expires_in\":1229}",
  "timestamp": "Oct-20-2025 14:12:54"
}
{
  "level": "debug",
  "message": "lacts.db - Executing (default): SELECT `id`, `access_token`, `scope`, `token_type`, `expires_in`, `createdAt`, `updatedAt` FROM `caltokens` AS `caltokens` WHERE `caltokens`.`id` = 1;",
  "timestamp": "Oct-20-2025 14:12:54"
}
{
  "level": "info",
  "message": "No Existing token found in CA Database, updating / creating first one..",
  "timestamp": "Oct-20-2025 14:12:54"
}
{
  "level": "debug",
  "message": "lacts.db - Executing (default): INSERT INTO `caltokens` (`id`,`access_token`,`scope`,`token_type`,`expires_in`,`createdAt`,`updatedAt`) VALUES ($1,$2,$3,$4,$5,$6,$7) ON CONFLICT (`id`) DO UPDATE SET `id`=EXCLUDED.`id`,`access_token`=EXCLUDED.`access_token`,`scope`=EXCLUDED.`scope`,`expires_in`=EXCLUDED.`expires_in`,`token_type`=EXCLUDED.`token_type`,`updatedAt`=EXCLUDED.`updatedAt`;",
  "timestamp": "Oct-20-2025 14:12:54"
}
{
  "level": "debug",
  "message": "Created new CA DB record: [{\"id\":1,\"access_token\":\"HlbgIVWeERDYTnX2OvkgUi5XhKA\",\"scope\":\"TeleSig_19\",\"expires_in\":1229,\"token_type\":\"Bearer\"},null]",
  "timestamp": "Oct-20-2025 14:12:54"
}
{
  "level": "info",
  "message": "Storing in WX token database: {\"access_token\":\"ZjZkYWQwNzQtZWQ5Ny00MDUwLWE0OTAtNzZhMzE5YTA5ZGQ1YjVjNGRlYmEtNDZl_PF84_4f25a9a0-32e6-445f-b347-d920b9b857be\",\"expires_in\":1209599,\"refresh_token\":\"R2E1NzA0NjktYWNjZi00NTMwLWFhODQtNzgwM2VkZmNjY2RkMzQ1ZWI1Y2ItNmNi_PF84_4f25a9a0-32e6-445f-b347-d920b9b857be\",\"refresh_token_expires_in\":7700687,\"token_type\":\"Bearer\",\"scope\":\"cjp:config_write cjp:config_read\"}",
  "timestamp": "Oct-20-2025 14:12:54"
}
{
  "level": "debug",
  "message": "lacts.db - Executing (default): SELECT `id`, `access_token`, `expires_in`, `refresh_token`, `refresh_token_expires_in`, `token_type`, `scope`, `createdAt`, `updatedAt` FROM `wxtokens` AS `wxtokens` WHERE `wxtokens`.`id` = 1;",
  "timestamp": "Oct-20-2025 14:12:54"
}
{
  "level": "info",
  "message": "No Existing WX token found, updating / creating first one..",
  "timestamp": "Oct-20-2025 14:12:54"
}
{
  "level": "debug",
  "message": "lacts.db - Executing (default): INSERT INTO `wxtokens` (`id`,`access_token`,`expires_in`,`refresh_token`,`refresh_token_expires_in`,`token_type`,`scope`,`createdAt`,`updatedAt`) VALUES ($1,$2,$3,$4,$5,$6,$7,$8,$9) ON CONFLICT (`id`) DO UPDATE SET `id`=EXCLUDED.`id`,`access_token`=EXCLUDED.`access_token`,`expires_in`=EXCLUDED.`expires_in`,`refresh_token`=EXCLUDED.`refresh_token`,`refresh_token_expires_in`=EXCLUDED.`refresh_token_expires_in`,`token_type`=EXCLUDED.`token_type`,`scope`=EXCLUDED.`scope`,`updatedAt`=EXCLUDED.`updatedAt`;",
  "timestamp": "Oct-20-2025 14:12:54"
}
{
  "level": "debug",
  "message": "Created new WX token DB record: [{\"id\":1,\"access_token\":\"ZjZkYWQwNzQtZWQ5Ny00MDUwLWE0OTAtNzZhMzE5YTA5ZGQ1YjVjNGRlYmEtNDZl_PF84_4f25a9a0-32e6-445f-b347-d920b9b857be\",\"expires_in\":1209599,\"refresh_token\":\"R2E1NzA0NjktYWNjZi00NTMwLWFhODQtNzgwM2VkZmNjY2RkMzQ1ZWI1Y2ItNmNi_PF84_4f25a9a0-32e6-445f-b347-d920b9b857be\",\"refresh_token_expires_in\":7700687,\"token_type\":\"Bearer\",\"scope\":\"cjp:config_write cjp:config_read\"},null]",
  "timestamp": "Oct-20-2025 14:12:54"
}
{
  "level": "debug",
  "message": "Trying request for WX Token with params: {\"grant_type\":\"refresh_token\",\"client_id\":\"C2dee08fe0c3cdfb22000cedd22a99e24fa1120d948416d67ee49b2f889e69d2c\",\"client_secret\":\"c0ce4cc51127444b90ac2f9a908a860f60b528bb86a08c7b721bccb301a0ff22\",\"refresh_token\":\"R2E1NzA0NjktYWNjZi00NTMwLWFhODQtNzgwM2VkZmNjY2RkMzQ1ZWI1Y2ItNmNi_PF84_4f25a9a0-32e6-445f-b347-d920b9b857be\"}",
  "timestamp": "Oct-20-2025 14:27:53"
}
{
  "level": "debug",
  "message": "Trying CA token request with params: {\"client_id\":\"5KLMJtqxDnthworg\",\"client_secret\":\";L/89v(NA*uUS?Mq/>f\",\"scope\":\"TeleSig_19\"}",
  "timestamp": "Oct-20-2025 14:27:53"
}
{
  "level": "info",
  "message": "Storing in CA token database: {\"access_token\":\"0v0WsbLGIuU2mROPb-__ZAbxpJg\",\"scope\":\"TeleSig_19\",\"token_type\":\"Bearer\",\"expires_in\":1229}",
  "timestamp": "Oct-20-2025 14:27:54"
}
{
  "level": "debug",
  "message": "lacts.db - Executing (default): SELECT `id`, `access_token`, `scope`, `token_type`, `expires_in`, `createdAt`, `updatedAt` FROM `caltokens` AS `caltokens` WHERE `caltokens`.`id` = 1;",
  "timestamp": "Oct-20-2025 14:27:54"
}
{
  "level": "info",
  "message": "Found existing token details in CA DB: {\"id\":1,\"access_token\":\"HlbgIVWeERDYTnX2OvkgUi5XhKA\",\"scope\":\"TeleSig_19\",\"token_type\":\"Bearer\",\"expires_in\":1229,\"createdAt\":\"2025-10-20T21:12:54.024Z\",\"updatedAt\":\"2025-10-20T21:12:54.024Z\"} updating with this data:-> {\"access_token\":\"0v0WsbLGIuU2mROPb-__ZAbxpJg\",\"scope\":\"TeleSig_19\",\"token_type\":\"Bearer\",\"expires_in\":1229}",
  "timestamp": "Oct-20-2025 14:27:54"
}
{
  "level": "debug",
  "message": "lacts.db - Executing (default): INSERT INTO `caltokens` (`id`,`access_token`,`scope`,`token_type`,`expires_in`,`createdAt`,`updatedAt`) VALUES ($1,$2,$3,$4,$5,$6,$7) ON CONFLICT (`id`) DO UPDATE SET `id`=EXCLUDED.`id`,`access_token`=EXCLUDED.`access_token`,`scope`=EXCLUDED.`scope`,`expires_in`=EXCLUDED.`expires_in`,`token_type`=EXCLUDED.`token_type`,`updatedAt`=EXCLUDED.`updatedAt`;",
  "timestamp": "Oct-20-2025 14:27:54"
}
{
  "level": "debug",
  "message": "Created new CA DB record: [{\"id\":1,\"access_token\":\"0v0WsbLGIuU2mROPb-__ZAbxpJg\",\"scope\":\"TeleSig_19\",\"expires_in\":1229,\"token_type\":\"Bearer\"},null]",
  "timestamp": "Oct-20-2025 14:27:54"
}
{
  "level": "info",
  "message": "Storing in WX token database: {\"access_token\":\"YTA0YTkzODQtZmU1MC00MGU5LWE2NWUtYzYwODI4ZGMxMzY0OTY4Yjg4YjUtN2M0_PF84_4f25a9a0-32e6-445f-b347-d920b9b857be\",\"expires_in\":1209599,\"refresh_token\":\"R2E1NzA0NjktYWNjZi00NTMwLWFhODQtNzgwM2VkZmNjY2RkMzQ1ZWI1Y2ItNmNi_PF84_4f25a9a0-32e6-445f-b347-d920b9b857be\",\"refresh_token_expires_in\":7699787,\"token_type\":\"Bearer\",\"scope\":\"cjp:config_write cjp:config_read\"}",
  "timestamp": "Oct-20-2025 14:27:54"
}
{
  "level": "debug",
  "message": "lacts.db - Executing (default): SELECT `id`, `access_token`, `expires_in`, `refresh_token`, `refresh_token_expires_in`, `token_type`, `scope`, `createdAt`, `updatedAt` FROM `wxtokens` AS `wxtokens` WHERE `wxtokens`.`id` = 1;",
  "timestamp": "Oct-20-2025 14:27:54"
}
{
  "level": "info",
  "message": "Found existing token details in WX DB: {\"id\":\"1\",\"access_token\":\"ZjZkYWQwNzQtZWQ5Ny00MDUwLWE0OTAtNzZhMzE5YTA5ZGQ1YjVjNGRlYmEtNDZl_PF84_4f25a9a0-32e6-445f-b347-d920b9b857be\",\"expires_in\":1209599,\"refresh_token\":\"R2E1NzA0NjktYWNjZi00NTMwLWFhODQtNzgwM2VkZmNjY2RkMzQ1ZWI1Y2ItNmNi_PF84_4f25a9a0-32e6-445f-b347-d920b9b857be\",\"refresh_token_expires_in\":7700687,\"token_type\":\"Bearer\",\"scope\":\"cjp:config_write cjp:config_read\",\"createdAt\":\"2025-10-20T21:12:54.108Z\",\"updatedAt\":\"2025-10-20T21:12:54.108Z\"} updating with this data:-> {\"access_token\":\"YTA0YTkzODQtZmU1MC00MGU5LWE2NWUtYzYwODI4ZGMxMzY0OTY4Yjg4YjUtN2M0_PF84_4f25a9a0-32e6-445f-b347-d920b9b857be\",\"expires_in\":1209599,\"refresh_token\":\"R2E1NzA0NjktYWNjZi00NTMwLWFhODQtNzgwM2VkZmNjY2RkMzQ1ZWI1Y2ItNmNi_PF84_4f25a9a0-32e6-445f-b347-d920b9b857be\",\"refresh_token_expires_in\":7699787,\"token_type\":\"Bearer\",\"scope\":\"cjp:config_write cjp:config_read\"}",
  "timestamp": "Oct-20-2025 14:27:54"
}
{
  "level": "debug",
  "message": "lacts.db - Executing (default): INSERT INTO `wxtokens` (`id`,`access_token`,`expires_in`,`refresh_token`,`refresh_token_expires_in`,`token_type`,`scope`,`createdAt`,`updatedAt`) VALUES ($1,$2,$3,$4,$5,$6,$7,$8,$9) ON CONFLICT (`id`) DO UPDATE SET `id`=EXCLUDED.`id`,`access_token`=EXCLUDED.`access_token`,`expires_in`=EXCLUDED.`expires_in`,`refresh_token`=EXCLUDED.`refresh_token`,`refresh_token_expires_in`=EXCLUDED.`refresh_token_expires_in`,`token_type`=EXCLUDED.`token_type`,`scope`=EXCLUDED.`scope`,`updatedAt`=EXCLUDED.`updatedAt`;",
  "timestamp": "Oct-20-2025 14:27:54"
}
{
  "level": "debug",
  "message": "Created new WX token DB record: [{\"id\":1,\"access_token\":\"YTA0YTkzODQtZmU1MC00MGU5LWE2NWUtYzYwODI4ZGMxMzY0OTY4Yjg4YjUtN2M0_PF84_4f25a9a0-32e6-445f-b347-d920b9b857be\",\"expires_in\":1209599,\"refresh_token\":\"R2E1NzA0NjktYWNjZi00NTMwLWFhODQtNzgwM2VkZmNjY2RkMzQ1ZWI1Y2ItNmNi_PF84_4f25a9a0-32e6-445f-b347-d920b9b857be\",\"refresh_token_expires_in\":7699787,\"token_type\":\"Bearer\",\"scope\":\"cjp:config_write cjp:config_read\"},null]",
  "timestamp": "Oct-20-2025 14:27:54"
}
{
  "level": "debug",
  "message": "Trying request for WX Token with params: {\"grant_type\":\"refresh_token\",\"client_id\":\"C2dee08fe0c3cdfb22000cedd22a99e24fa1120d948416d67ee49b2f889e69d2c\",\"client_secret\":\"c0ce4cc51127444b90ac2f9a908a860f60b528bb86a08c7b721bccb301a0ff22\",\"refresh_token\":\"R2E1NzA0NjktYWNjZi00NTMwLWFhODQtNzgwM2VkZmNjY2RkMzQ1ZWI1Y2ItNmNi_PF84_4f25a9a0-32e6-445f-b347-d920b9b857be\"}",
  "timestamp": "Oct-20-2025 14:42:53"
}
{
  "level": "debug",
  "message": "Trying CA token request with params: {\"client_id\":\"5KLMJtqxDnthworg\",\"client_secret\":\";L/89v(NA*uUS?Mq/>f\",\"scope\":\"TeleSig_19\"}",
  "timestamp": "Oct-20-2025 14:42:53"
}
{
  "level": "info",
  "message": "Storing in CA token database: {\"access_token\":\"UtrKrZgtW93TyMSVns82312SKPE\",\"scope\":\"TeleSig_19\",\"token_type\":\"Bearer\",\"expires_in\":1229}",
  "timestamp": "Oct-20-2025 14:42:54"
}
{
  "level": "debug",
  "message": "lacts.db - Executing (default): SELECT `id`, `access_token`, `scope`, `token_type`, `expires_in`, `createdAt`, `updatedAt` FROM `caltokens` AS `caltokens` WHERE `caltokens`.`id` = 1;",
  "timestamp": "Oct-20-2025 14:42:54"
}
{
  "level": "info",
  "message": "Found existing token details in CA DB: {\"id\":1,\"access_token\":\"0v0WsbLGIuU2mROPb-__ZAbxpJg\",\"scope\":\"TeleSig_19\",\"token_type\":\"Bearer\",\"expires_in\":1229,\"createdAt\":\"2025-10-20T21:12:54.024Z\",\"updatedAt\":\"2025-10-20T21:27:54.120Z\"} updating with this data:-> {\"access_token\":\"UtrKrZgtW93TyMSVns82312SKPE\",\"scope\":\"TeleSig_19\",\"token_type\":\"Bearer\",\"expires_in\":1229}",
  "timestamp": "Oct-20-2025 14:42:54"
}
{
  "level": "debug",
  "message": "lacts.db - Executing (default): INSERT INTO `caltokens` (`id`,`access_token`,`scope`,`token_type`,`expires_in`,`createdAt`,`updatedAt`) VALUES ($1,$2,$3,$4,$5,$6,$7) ON CONFLICT (`id`) DO UPDATE SET `id`=EXCLUDED.`id`,`access_token`=EXCLUDED.`access_token`,`scope`=EXCLUDED.`scope`,`expires_in`=EXCLUDED.`expires_in`,`token_type`=EXCLUDED.`token_type`,`updatedAt`=EXCLUDED.`updatedAt`;",
  "timestamp": "Oct-20-2025 14:42:54"
}
{
  "level": "debug",
  "message": "Created new CA DB record: [{\"id\":1,\"access_token\":\"UtrKrZgtW93TyMSVns82312SKPE\",\"scope\":\"TeleSig_19\",\"expires_in\":1229,\"token_type\":\"Bearer\"},null]",
  "timestamp": "Oct-20-2025 14:42:54"
}
{
  "level": "info",
  "message": "Storing in WX token database: {\"access_token\":\"MGRiOTJhYTgtZTc4OC00YzRkLTk2YjEtOGEyMzJhMjU0ZmU0MTA5YWQxYWEtMTBk_PF84_4f25a9a0-32e6-445f-b347-d920b9b857be\",\"expires_in\":1209599,\"refresh_token\":\"R2E1NzA0NjktYWNjZi00NTMwLWFhODQtNzgwM2VkZmNjY2RkMzQ1ZWI1Y2ItNmNi_PF84_4f25a9a0-32e6-445f-b347-d920b9b857be\",\"refresh_token_expires_in\":7698887,\"token_type\":\"Bearer\",\"scope\":\"cjp:config_write cjp:config_read\"}",
  "timestamp": "Oct-20-2025 14:42:54"
}
{
  "level": "debug",
  "message": "lacts.db - Executing (default): SELECT `id`, `access_token`, `expires_in`, `refresh_token`, `refresh_token_expires_in`, `token_type`, `scope`, `createdAt`, `updatedAt` FROM `wxtokens` AS `wxtokens` WHERE `wxtokens`.`id` = 1;",
  "timestamp": "Oct-20-2025 14:42:54"
}
{
  "level": "info",
  "message": "Found existing token details in WX DB: {\"id\":\"1\",\"access_token\":\"YTA0YTkzODQtZmU1MC00MGU5LWE2NWUtYzYwODI4ZGMxMzY0OTY4Yjg4YjUtN2M0_PF84_4f25a9a0-32e6-445f-b347-d920b9b857be\",\"expires_in\":1209599,\"refresh_token\":\"R2E1NzA0NjktYWNjZi00NTMwLWFhODQtNzgwM2VkZmNjY2RkMzQ1ZWI1Y2ItNmNi_PF84_4f25a9a0-32e6-445f-b347-d920b9b857be\",\"refresh_token_expires_in\":7699787,\"token_type\":\"Bearer\",\"scope\":\"cjp:config_write cjp:config_read\",\"createdAt\":\"2025-10-20T21:12:54.108Z\",\"updatedAt\":\"2025-10-20T21:27:54.209Z\"} updating with this data:-> {\"access_token\":\"MGRiOTJhYTgtZTc4OC00YzRkLTk2YjEtOGEyMzJhMjU0ZmU0MTA5YWQxYWEtMTBk_PF84_4f25a9a0-32e6-445f-b347-d920b9b857be\",\"expires_in\":1209599,\"refresh_token\":\"R2E1NzA0NjktYWNjZi00NTMwLWFhODQtNzgwM2VkZmNjY2RkMzQ1ZWI1Y2ItNmNi_PF84_4f25a9a0-32e6-445f-b347-d920b9b857be\",\"refresh_token_expires_in\":7698887,\"token_type\":\"Bearer\",\"scope\":\"cjp:config_write cjp:config_read\"}",
  "timestamp": "Oct-20-2025 14:42:54"
}
{
  "level": "debug",
  "message": "lacts.db - Executing (default): INSERT INTO `wxtokens` (`id`,`access_token`,`expires_in`,`refresh_token`,`refresh_token_expires_in`,`token_type`,`scope`,`createdAt`,`updatedAt`) VALUES ($1,$2,$3,$4,$5,$6,$7,$8,$9) ON CONFLICT (`id`) DO UPDATE SET `id`=EXCLUDED.`id`,`access_token`=EXCLUDED.`access_token`,`expires_in`=EXCLUDED.`expires_in`,`refresh_token`=EXCLUDED.`refresh_token`,`refresh_token_expires_in`=EXCLUDED.`refresh_token_expires_in`,`token_type`=EXCLUDED.`token_type`,`scope`=EXCLUDED.`scope`,`updatedAt`=EXCLUDED.`updatedAt`;",
  "timestamp": "Oct-20-2025 14:42:54"
}
{
  "level": "debug",
  "message": "Created new WX token DB record: [{\"id\":1,\"access_token\":\"MGRiOTJhYTgtZTc4OC00YzRkLTk2YjEtOGEyMzJhMjU0ZmU0MTA5YWQxYWEtMTBk_PF84_4f25a9a0-32e6-445f-b347-d920b9b857be\",\"expires_in\":1209599,\"refresh_token\":\"R2E1NzA0NjktYWNjZi00NTMwLWFhODQtNzgwM2VkZmNjY2RkMzQ1ZWI1Y2ItNmNi_PF84_4f25a9a0-32e6-445f-b347-d920b9b857be\",\"refresh_token_expires_in\":7698887,\"token_type\":\"Bearer\",\"scope\":\"cjp:config_write cjp:config_read\"},null]",
  "timestamp": "Oct-20-2025 14:42:54"
}
{
  "level": "info",
  "message": "Server starting",
  "timestamp": "Oct-20-2025 14:43:48"
}
{
  "level": "info",
  "message": "LOG_LEVEL -debug",
  "timestamp": "Oct-20-2025 14:43:48"
}
{
  "level": "info",
  "message": "WEBHOOK_URL -https://zjwalsh-vmware.tail4794a2.ts.net/webhook/webhook",
  "timestamp": "Oct-20-2025 14:43:48"
}
{
  "level": "info",
  "message": "WXCLIENT_ID -C2dee08fe0c3cdfb22000cedd22a99e24fa1120d948416d67ee49b2f889e69d2c",
  "timestamp": "Oct-20-2025 14:43:48"
}
{
  "level": "info",
  "message": "WXCLIENT_ORGID -4f25a9a0-32e6-445f-b347-d920b9b857be",
  "timestamp": "Oct-20-2025 14:43:48"
}
{
  "level": "info",
  "message": "WXCLIENT_SECRET -c0ce4cc51127444b90ac2f9a908a860f60b528bb86a08c7b721bccb301a0ff22",
  "timestamp": "Oct-20-2025 14:43:48"
}
{
  "level": "debug",
  "message": "Delete all records in WX Token database.",
  "timestamp": "Oct-20-2025 14:43:48"
}
{
  "level": "debug",
  "message": "Delete all records in caltokens.",
  "timestamp": "Oct-20-2025 14:43:48"
}
{
  "level": "debug",
  "message": "Trying request for WX Token with params: {\"grant_type\":\"refresh_token\",\"client_id\":\"C2dee08fe0c3cdfb22000cedd22a99e24fa1120d948416d67ee49b2f889e69d2c\",\"client_secret\":\"c0ce4cc51127444b90ac2f9a908a860f60b528bb86a08c7b721bccb301a0ff22\",\"refresh_token\":\"R2E1NzA0NjktYWNjZi00NTMwLWFhODQtNzgwM2VkZmNjY2RkMzQ1ZWI1Y2ItNmNi_PF84_4f25a9a0-32e6-445f-b347-d920b9b857be\"}",
  "timestamp": "Oct-20-2025 14:43:48"
}
{
  "level": "debug",
  "message": "Trying CA token request with params: {\"client_id\":\"5KLMJtqxDnthworg\",\"client_secret\":\";L/89v(NA*uUS?Mq/>f\",\"scope\":\"TeleSig_19\"}",
  "timestamp": "Oct-20-2025 14:43:48"
}
{
  "level": "debug",
  "message": "Find all Subscription  ",
  "timestamp": "Oct-20-2025 14:43:48"
}
{
  "level": "debug",
  "message": "✓ Exposed /tsforms-widget.styles.css -> /home/zjwalsh/Projects/TSMiddleware/server/public/build/static/css/main.4b78de22.css",
  "timestamp": "Oct-20-2025 14:43:48"
}
{
  "level": "debug",
  "message": "✓ Exposed /tsforms-widget.bundle.js -> /home/zjwalsh/Projects/TSMiddleware/server/public/build/static/js/main.40829123.js",
  "timestamp": "Oct-20-2025 14:43:48"
}
{
  "level": "debug",
  "message": "✓ Serving static build files from: /home/zjwalsh/Projects/TSMiddleware/server/public/build",
  "timestamp": "Oct-20-2025 14:43:48"
}
{
  "level": "debug",
  "message": "\n🚀 TSForms server running on port 8443",
  "timestamp": "Oct-20-2025 14:43:48"
}
{
  "level": "debug",
  "message": "📡 API: http://localhost:8443/telephonic-signature/api",
  "timestamp": "Oct-20-2025 14:43:48"
}
{
  "level": "debug",
  "message": "✓ PRODUCTION mode - serving React app at http://localhost:8443",
  "timestamp": "Oct-20-2025 14:43:48"
}
{
  "level": "debug",
  "message": "lacts.db - Executing (default): DELETE FROM `caltokens`",
  "timestamp": "Oct-20-2025 14:43:48"
}
{
  "level": "debug",
  "message": "lacts.db - Executing (default): SELECT name FROM sqlite_master WHERE type='table' AND name='wxtokens';",
  "timestamp": "Oct-20-2025 14:43:48"
}
{
  "level": "debug",
  "message": "lacts.db - Executing (default): SELECT `id`, `name`, `description`, `evenTypes`, `destinationUrl`, `status`, `createdBy`, `createdTime`, `createdAt`, `updatedAt` FROM `subscriptions` AS `subscriptions` LIMIT 1;",
  "timestamp": "Oct-20-2025 14:43:48"
}
{
  "level": "debug",
  "message": "lacts.db - Executing (default): DELETE FROM `wxtokens`",
  "timestamp": "Oct-20-2025 14:43:48"
}
{
  "level": "debug",
  "message": "lacts.db - Executing (default): PRAGMA INDEX_LIST(`wxtokens`)",
  "timestamp": "Oct-20-2025 14:43:48"
}
{
  "level": "debug",
  "message": "Error trying to find Subscriptions - Cannot read properties of undefined (reading 'dataValues')",
  "timestamp": "Oct-20-2025 14:43:48"
}
{
  "level": "info",
  "message": "Initializing the Scheduler..",
  "timestamp": "Oct-20-2025 14:43:48"
}
{
  "level": "info",
  "message": "Initializing the Scheduler - job_getWXRefreshToken",
  "timestamp": "Oct-20-2025 14:43:48"
}
{
  "level": "info",
  "message": "Initializing the Scheduler - job_getCAAccessToken",
  "timestamp": "Oct-20-2025 14:43:48"
}
{
  "level": "debug",
  "message": "lacts.db - Executing (default): PRAGMA INDEX_INFO(`sqlite_autoindex_wxtokens_1`)",
  "timestamp": "Oct-20-2025 14:43:48"
}
{
  "level": "debug",
  "message": "lacts.db - Executing (default): SELECT name FROM sqlite_master WHERE type='table' AND name='caltokens';",
  "timestamp": "Oct-20-2025 14:43:48"
}
{
  "level": "debug",
  "message": "lacts.db - Executing (default): PRAGMA INDEX_LIST(`caltokens`)",
  "timestamp": "Oct-20-2025 14:43:48"
}
{
  "level": "debug",
  "message": "lacts.db - Executing (default): SELECT name FROM sqlite_master WHERE type='table' AND name='subscriptions';",
  "timestamp": "Oct-20-2025 14:43:48"
}
{
  "level": "debug",
  "message": "lacts.db - Executing (default): PRAGMA INDEX_LIST(`subscriptions`)",
  "timestamp": "Oct-20-2025 14:43:48"
}
{
  "level": "debug",
  "message": "lacts.db - Executing (default): PRAGMA INDEX_INFO(`sqlite_autoindex_subscriptions_1`)",
  "timestamp": "Oct-20-2025 14:43:48"
}
{
  "level": "debug",
  "message": "lacts.db - Executing (default): SELECT name FROM sqlite_master WHERE type='table' AND name='wxAgents';",
  "timestamp": "Oct-20-2025 14:43:48"
}
{
  "level": "debug",
  "message": "lacts.db - Executing (default): PRAGMA INDEX_LIST(`wxAgents`)",
  "timestamp": "Oct-20-2025 14:43:48"
}
{
  "level": "debug",
  "message": "lacts.db - Executing (default): PRAGMA INDEX_INFO(`sqlite_autoindex_wxAgents_1`)",
  "timestamp": "Oct-20-2025 14:43:48"
}
{
  "level": "info",
  "message": "DB Connected!",
  "timestamp": "Oct-20-2025 14:43:48"
}
{
  "level": "info",
  "message": "Storing in CA token database: {\"access_token\":\"o1HZzlzzLBnZ3cEOIVC17PXmIoU\",\"scope\":\"TeleSig_19\",\"token_type\":\"Bearer\",\"expires_in\":1229}",
  "timestamp": "Oct-20-2025 14:43:49"
}
{
  "level": "debug",
  "message": "lacts.db - Executing (default): SELECT `id`, `access_token`, `scope`, `token_type`, `expires_in`, `createdAt`, `updatedAt` FROM `caltokens` AS `caltokens` WHERE `caltokens`.`id` = 1;",
  "timestamp": "Oct-20-2025 14:43:49"
}
{
  "level": "info",
  "message": "No Existing token found in CA Database, updating / creating first one..",
  "timestamp": "Oct-20-2025 14:43:49"
}
{
  "level": "debug",
  "message": "lacts.db - Executing (default): INSERT INTO `caltokens` (`id`,`access_token`,`scope`,`token_type`,`expires_in`,`createdAt`,`updatedAt`) VALUES ($1,$2,$3,$4,$5,$6,$7) ON CONFLICT (`id`) DO UPDATE SET `id`=EXCLUDED.`id`,`access_token`=EXCLUDED.`access_token`,`scope`=EXCLUDED.`scope`,`expires_in`=EXCLUDED.`expires_in`,`token_type`=EXCLUDED.`token_type`,`updatedAt`=EXCLUDED.`updatedAt`;",
  "timestamp": "Oct-20-2025 14:43:49"
}
{
  "level": "debug",
  "message": "Created new CA DB record: [{\"id\":1,\"access_token\":\"o1HZzlzzLBnZ3cEOIVC17PXmIoU\",\"scope\":\"TeleSig_19\",\"expires_in\":1229,\"token_type\":\"Bearer\"},null]",
  "timestamp": "Oct-20-2025 14:43:49"
}
{
  "level": "info",
  "message": "Storing in WX token database: {\"access_token\":\"OTBkZmFjZDYtM2EzYi00NjFjLWFmZDctMjU0Y2VjYTM2NjM4ZTc0NmYyZmEtMzJi_PF84_4f25a9a0-32e6-445f-b347-d920b9b857be\",\"expires_in\":1209599,\"refresh_token\":\"R2E1NzA0NjktYWNjZi00NTMwLWFhODQtNzgwM2VkZmNjY2RkMzQ1ZWI1Y2ItNmNi_PF84_4f25a9a0-32e6-445f-b347-d920b9b857be\",\"refresh_token_expires_in\":7698832,\"token_type\":\"Bearer\",\"scope\":\"cjp:config_write cjp:config_read\"}",
  "timestamp": "Oct-20-2025 14:43:49"
}
{
  "level": "debug",
  "message": "lacts.db - Executing (default): SELECT `id`, `access_token`, `expires_in`, `refresh_token`, `refresh_token_expires_in`, `token_type`, `scope`, `createdAt`, `updatedAt` FROM `wxtokens` AS `wxtokens` WHERE `wxtokens`.`id` = 1;",
  "timestamp": "Oct-20-2025 14:43:49"
}
{
  "level": "info",
  "message": "No Existing WX token found, updating / creating first one..",
  "timestamp": "Oct-20-2025 14:43:49"
}
{
  "level": "debug",
  "message": "lacts.db - Executing (default): INSERT INTO `wxtokens` (`id`,`access_token`,`expires_in`,`refresh_token`,`refresh_token_expires_in`,`token_type`,`scope`,`createdAt`,`updatedAt`) VALUES ($1,$2,$3,$4,$5,$6,$7,$8,$9) ON CONFLICT (`id`) DO UPDATE SET `id`=EXCLUDED.`id`,`access_token`=EXCLUDED.`access_token`,`expires_in`=EXCLUDED.`expires_in`,`refresh_token`=EXCLUDED.`refresh_token`,`refresh_token_expires_in`=EXCLUDED.`refresh_token_expires_in`,`token_type`=EXCLUDED.`token_type`,`scope`=EXCLUDED.`scope`,`updatedAt`=EXCLUDED.`updatedAt`;",
  "timestamp": "Oct-20-2025 14:43:49"
}
{
  "level": "debug",
  "message": "Created new WX token DB record: [{\"id\":1,\"access_token\":\"OTBkZmFjZDYtM2EzYi00NjFjLWFmZDctMjU0Y2VjYTM2NjM4ZTc0NmYyZmEtMzJi_PF84_4f25a9a0-32e6-445f-b347-d920b9b857be\",\"expires_in\":1209599,\"refresh_token\":\"R2E1NzA0NjktYWNjZi00NTMwLWFhODQtNzgwM2VkZmNjY2RkMzQ1ZWI1Y2ItNmNi_PF84_4f25a9a0-32e6-445f-b347-d920b9b857be\",\"refresh_token_expires_in\":7698832,\"token_type\":\"Bearer\",\"scope\":\"cjp:config_write cjp:config_read\"},null]",
  "timestamp": "Oct-20-2025 14:43:49"
}
{
  "level": "debug",
  "message": "Trying request for WX Token with params: {\"grant_type\":\"refresh_token\",\"client_id\":\"C2dee08fe0c3cdfb22000cedd22a99e24fa1120d948416d67ee49b2f889e69d2c\",\"client_secret\":\"c0ce4cc51127444b90ac2f9a908a860f60b528bb86a08c7b721bccb301a0ff22\",\"refresh_token\":\"R2E1NzA0NjktYWNjZi00NTMwLWFhODQtNzgwM2VkZmNjY2RkMzQ1ZWI1Y2ItNmNi_PF84_4f25a9a0-32e6-445f-b347-d920b9b857be\"}",
  "timestamp": "Oct-20-2025 14:58:48"
}
{
  "level": "debug",
  "message": "Trying CA token request with params: {\"client_id\":\"5KLMJtqxDnthworg\",\"client_secret\":\";L/89v(NA*uUS?Mq/>f\",\"scope\":\"TeleSig_19\"}",
  "timestamp": "Oct-20-2025 14:58:48"
}
{
  "level": "info",
  "message": "Storing in CA token database: {\"access_token\":\"DL6W57Tu6clo_ihNME4qWSa7n4E\",\"scope\":\"TeleSig_19\",\"token_type\":\"Bearer\",\"expires_in\":1229}",
  "timestamp": "Oct-20-2025 14:58:48"
}
{
  "level": "debug",
  "message": "lacts.db - Executing (default): SELECT `id`, `access_token`, `scope`, `token_type`, `expires_in`, `createdAt`, `updatedAt` FROM `caltokens` AS `caltokens` WHERE `caltokens`.`id` = 1;",
  "timestamp": "Oct-20-2025 14:58:48"
}
{
  "level": "info",
  "message": "Found existing token details in CA DB: {\"id\":1,\"access_token\":\"o1HZzlzzLBnZ3cEOIVC17PXmIoU\",\"scope\":\"TeleSig_19\",\"token_type\":\"Bearer\",\"expires_in\":1229,\"createdAt\":\"2025-10-20T21:43:49.020Z\",\"updatedAt\":\"2025-10-20T21:43:49.020Z\"} updating with this data:-> {\"access_token\":\"DL6W57Tu6clo_ihNME4qWSa7n4E\",\"scope\":\"TeleSig_19\",\"token_type\":\"Bearer\",\"expires_in\":1229}",
  "timestamp": "Oct-20-2025 14:58:48"
}
{
  "level": "debug",
  "message": "lacts.db - Executing (default): INSERT INTO `caltokens` (`id`,`access_token`,`scope`,`token_type`,`expires_in`,`createdAt`,`updatedAt`) VALUES ($1,$2,$3,$4,$5,$6,$7) ON CONFLICT (`id`) DO UPDATE SET `id`=EXCLUDED.`id`,`access_token`=EXCLUDED.`access_token`,`scope`=EXCLUDED.`scope`,`expires_in`=EXCLUDED.`expires_in`,`token_type`=EXCLUDED.`token_type`,`updatedAt`=EXCLUDED.`updatedAt`;",
  "timestamp": "Oct-20-2025 14:58:48"
}
{
  "level": "debug",
  "message": "Created new CA DB record: [{\"id\":1,\"access_token\":\"DL6W57Tu6clo_ihNME4qWSa7n4E\",\"scope\":\"TeleSig_19\",\"expires_in\":1229,\"token_type\":\"Bearer\"},null]",
  "timestamp": "Oct-20-2025 14:58:48"
}
{
  "level": "info",
  "message": "Storing in WX token database: {\"access_token\":\"ZTMwZjg3YTktZDZhMS00NWM1LWExYjUtZWIzNGVlMjVjOTQ0ZDYwY2RlY2MtMzcx_PF84_4f25a9a0-32e6-445f-b347-d920b9b857be\",\"expires_in\":1209599,\"refresh_token\":\"R2E1NzA0NjktYWNjZi00NTMwLWFhODQtNzgwM2VkZmNjY2RkMzQ1ZWI1Y2ItNmNi_PF84_4f25a9a0-32e6-445f-b347-d920b9b857be\",\"refresh_token_expires_in\":7697932,\"token_type\":\"Bearer\",\"scope\":\"cjp:config_write cjp:config_read\"}",
  "timestamp": "Oct-20-2025 14:58:48"
}
{
  "level": "debug",
  "message": "lacts.db - Executing (default): SELECT `id`, `access_token`, `expires_in`, `refresh_token`, `refresh_token_expires_in`, `token_type`, `scope`, `createdAt`, `updatedAt` FROM `wxtokens` AS `wxtokens` WHERE `wxtokens`.`id` = 1;",
  "timestamp": "Oct-20-2025 14:58:48"
}
{
  "level": "info",
  "message": "Found existing token details in WX DB: {\"id\":\"1\",\"access_token\":\"OTBkZmFjZDYtM2EzYi00NjFjLWFmZDctMjU0Y2VjYTM2NjM4ZTc0NmYyZmEtMzJi_PF84_4f25a9a0-32e6-445f-b347-d920b9b857be\",\"expires_in\":1209599,\"refresh_token\":\"R2E1NzA0NjktYWNjZi00NTMwLWFhODQtNzgwM2VkZmNjY2RkMzQ1ZWI1Y2ItNmNi_PF84_4f25a9a0-32e6-445f-b347-d920b9b857be\",\"refresh_token_expires_in\":7698832,\"token_type\":\"Bearer\",\"scope\":\"cjp:config_write cjp:config_read\",\"createdAt\":\"2025-10-20T21:43:49.253Z\",\"updatedAt\":\"2025-10-20T21:43:49.253Z\"} updating with this data:-> {\"access_token\":\"ZTMwZjg3YTktZDZhMS00NWM1LWExYjUtZWIzNGVlMjVjOTQ0ZDYwY2RlY2MtMzcx_PF84_4f25a9a0-32e6-445f-b347-d920b9b857be\",\"expires_in\":1209599,\"refresh_token\":\"R2E1NzA0NjktYWNjZi00NTMwLWFhODQtNzgwM2VkZmNjY2RkMzQ1ZWI1Y2ItNmNi_PF84_4f25a9a0-32e6-445f-b347-d920b9b857be\",\"refresh_token_expires_in\":7697932,\"token_type\":\"Bearer\",\"scope\":\"cjp:config_write cjp:config_read\"}",
  "timestamp": "Oct-20-2025 14:58:48"
}
{
  "level": "debug",
  "message": "lacts.db - Executing (default): INSERT INTO `wxtokens` (`id`,`access_token`,`expires_in`,`refresh_token`,`refresh_token_expires_in`,`token_type`,`scope`,`createdAt`,`updatedAt`) VALUES ($1,$2,$3,$4,$5,$6,$7,$8,$9) ON CONFLICT (`id`) DO UPDATE SET `id`=EXCLUDED.`id`,`access_token`=EXCLUDED.`access_token`,`expires_in`=EXCLUDED.`expires_in`,`refresh_token`=EXCLUDED.`refresh_token`,`refresh_token_expires_in`=EXCLUDED.`refresh_token_expires_in`,`token_type`=EXCLUDED.`token_type`,`scope`=EXCLUDED.`scope`,`updatedAt`=EXCLUDED.`updatedAt`;",
  "timestamp": "Oct-20-2025 14:58:48"
}
{
  "level": "debug",
  "message": "Created new WX token DB record: [{\"id\":1,\"access_token\":\"ZTMwZjg3YTktZDZhMS00NWM1LWExYjUtZWIzNGVlMjVjOTQ0ZDYwY2RlY2MtMzcx_PF84_4f25a9a0-32e6-445f-b347-d920b9b857be\",\"expires_in\":1209599,\"refresh_token\":\"R2E1NzA0NjktYWNjZi00NTMwLWFhODQtNzgwM2VkZmNjY2RkMzQ1ZWI1Y2ItNmNi_PF84_4f25a9a0-32e6-445f-b347-d920b9b857be\",\"refresh_token_expires_in\":7697932,\"token_type\":\"Bearer\",\"scope\":\"cjp:config_write cjp:config_read\"},null]",
  "timestamp": "Oct-20-2025 14:58:48"
}
{
  "level": "debug",
  "message": "Trying request for WX Token with params: {\"grant_type\":\"refresh_token\",\"client_id\":\"C2dee08fe0c3cdfb22000cedd22a99e24fa1120d948416d67ee49b2f889e69d2c\",\"client_secret\":\"c0ce4cc51127444b90ac2f9a908a860f60b528bb86a08c7b721bccb301a0ff22\",\"refresh_token\":\"R2E1NzA0NjktYWNjZi00NTMwLWFhODQtNzgwM2VkZmNjY2RkMzQ1ZWI1Y2ItNmNi_PF84_4f25a9a0-32e6-445f-b347-d920b9b857be\"}",
  "timestamp": "Oct-20-2025 15:13:48"
}
{
  "level": "debug",
  "message": "Trying CA token request with params: {\"client_id\":\"5KLMJtqxDnthworg\",\"client_secret\":\";L/89v(NA*uUS?Mq/>f\",\"scope\":\"TeleSig_19\"}",
  "timestamp": "Oct-20-2025 15:13:48"
}
{
  "level": "info",
  "message": "Storing in CA token database: {\"access_token\":\"3eslJEMih4VG7Yk-1VC1IhfpIko\",\"scope\":\"TeleSig_19\",\"token_type\":\"Bearer\",\"expires_in\":1229}",
  "timestamp": "Oct-20-2025 15:13:48"
}
{
  "level": "debug",
  "message": "lacts.db - Executing (default): SELECT `id`, `access_token`, `scope`, `token_type`, `expires_in`, `createdAt`, `updatedAt` FROM `caltokens` AS `caltokens` WHERE `caltokens`.`id` = 1;",
  "timestamp": "Oct-20-2025 15:13:48"
}
{
  "level": "info",
  "message": "Found existing token details in CA DB: {\"id\":1,\"access_token\":\"DL6W57Tu6clo_ihNME4qWSa7n4E\",\"scope\":\"TeleSig_19\",\"token_type\":\"Bearer\",\"expires_in\":1229,\"createdAt\":\"2025-10-20T21:43:49.020Z\",\"updatedAt\":\"2025-10-20T21:58:48.685Z\"} updating with this data:-> {\"access_token\":\"3eslJEMih4VG7Yk-1VC1IhfpIko\",\"scope\":\"TeleSig_19\",\"token_type\":\"Bearer\",\"expires_in\":1229}",
  "timestamp": "Oct-20-2025 15:13:48"
}
{
  "level": "debug",
  "message": "lacts.db - Executing (default): INSERT INTO `caltokens` (`id`,`access_token`,`scope`,`token_type`,`expires_in`,`createdAt`,`updatedAt`) VALUES ($1,$2,$3,$4,$5,$6,$7) ON CONFLICT (`id`) DO UPDATE SET `id`=EXCLUDED.`id`,`access_token`=EXCLUDED.`access_token`,`scope`=EXCLUDED.`scope`,`expires_in`=EXCLUDED.`expires_in`,`token_type`=EXCLUDED.`token_type`,`updatedAt`=EXCLUDED.`updatedAt`;",
  "timestamp": "Oct-20-2025 15:13:48"
}
{
  "level": "debug",
  "message": "Created new CA DB record: [{\"id\":1,\"access_token\":\"3eslJEMih4VG7Yk-1VC1IhfpIko\",\"scope\":\"TeleSig_19\",\"expires_in\":1229,\"token_type\":\"Bearer\"},null]",
  "timestamp": "Oct-20-2025 15:13:48"
}
{
  "level": "info",
  "message": "Storing in WX token database: {\"access_token\":\"ZWRkZWYxMzEtMTdmMC00OTgyLWFkYzAtOTYxY2RkNjJkM2NmMmZkYmNhYmMtMzQ5_PF84_4f25a9a0-32e6-445f-b347-d920b9b857be\",\"expires_in\":1209599,\"refresh_token\":\"R2E1NzA0NjktYWNjZi00NTMwLWFhODQtNzgwM2VkZmNjY2RkMzQ1ZWI1Y2ItNmNi_PF84_4f25a9a0-32e6-445f-b347-d920b9b857be\",\"refresh_token_expires_in\":7697032,\"token_type\":\"Bearer\",\"scope\":\"cjp:config_write cjp:config_read\"}",
  "timestamp": "Oct-20-2025 15:13:48"
}
{
  "level": "debug",
  "message": "lacts.db - Executing (default): SELECT `id`, `access_token`, `expires_in`, `refresh_token`, `refresh_token_expires_in`, `token_type`, `scope`, `createdAt`, `updatedAt` FROM `wxtokens` AS `wxtokens` WHERE `wxtokens`.`id` = 1;",
  "timestamp": "Oct-20-2025 15:13:48"
}
{
  "level": "info",
  "message": "Found existing token details in WX DB: {\"id\":\"1\",\"access_token\":\"ZTMwZjg3YTktZDZhMS00NWM1LWExYjUtZWIzNGVlMjVjOTQ0ZDYwY2RlY2MtMzcx_PF84_4f25a9a0-32e6-445f-b347-d920b9b857be\",\"expires_in\":1209599,\"refresh_token\":\"R2E1NzA0NjktYWNjZi00NTMwLWFhODQtNzgwM2VkZmNjY2RkMzQ1ZWI1Y2ItNmNi_PF84_4f25a9a0-32e6-445f-b347-d920b9b857be\",\"refresh_token_expires_in\":7697932,\"token_type\":\"Bearer\",\"scope\":\"cjp:config_write cjp:config_read\",\"createdAt\":\"2025-10-20T21:43:49.253Z\",\"updatedAt\":\"2025-10-20T21:58:48.881Z\"} updating with this data:-> {\"access_token\":\"ZWRkZWYxMzEtMTdmMC00OTgyLWFkYzAtOTYxY2RkNjJkM2NmMmZkYmNhYmMtMzQ5_PF84_4f25a9a0-32e6-445f-b347-d920b9b857be\",\"expires_in\":1209599,\"refresh_token\":\"R2E1NzA0NjktYWNjZi00NTMwLWFhODQtNzgwM2VkZmNjY2RkMzQ1ZWI1Y2ItNmNi_PF84_4f25a9a0-32e6-445f-b347-d920b9b857be\",\"refresh_token_expires_in\":7697032,\"token_type\":\"Bearer\",\"scope\":\"cjp:config_write cjp:config_read\"}",
  "timestamp": "Oct-20-2025 15:13:48"
}
{
  "level": "debug",
  "message": "lacts.db - Executing (default): INSERT INTO `wxtokens` (`id`,`access_token`,`expires_in`,`refresh_token`,`refresh_token_expires_in`,`token_type`,`scope`,`createdAt`,`updatedAt`) VALUES ($1,$2,$3,$4,$5,$6,$7,$8,$9) ON CONFLICT (`id`) DO UPDATE SET `id`=EXCLUDED.`id`,`access_token`=EXCLUDED.`access_token`,`expires_in`=EXCLUDED.`expires_in`,`refresh_token`=EXCLUDED.`refresh_token`,`refresh_token_expires_in`=EXCLUDED.`refresh_token_expires_in`,`token_type`=EXCLUDED.`token_type`,`scope`=EXCLUDED.`scope`,`updatedAt`=EXCLUDED.`updatedAt`;",
  "timestamp": "Oct-20-2025 15:13:48"
}
{
  "level": "debug",
  "message": "Created new WX token DB record: [{\"id\":1,\"access_token\":\"ZWRkZWYxMzEtMTdmMC00OTgyLWFkYzAtOTYxY2RkNjJkM2NmMmZkYmNhYmMtMzQ5_PF84_4f25a9a0-32e6-445f-b347-d920b9b857be\",\"expires_in\":1209599,\"refresh_token\":\"R2E1NzA0NjktYWNjZi00NTMwLWFhODQtNzgwM2VkZmNjY2RkMzQ1ZWI1Y2ItNmNi_PF84_4f25a9a0-32e6-445f-b347-d920b9b857be\",\"refresh_token_expires_in\":7697032,\"token_type\":\"Bearer\",\"scope\":\"cjp:config_write cjp:config_read\"},null]",
  "timestamp": "Oct-20-2025 15:13:48"
}
{
  "level": "debug",
  "message": "Trying request for WX Token with params: {\"grant_type\":\"refresh_token\",\"client_id\":\"C2dee08fe0c3cdfb22000cedd22a99e24fa1120d948416d67ee49b2f889e69d2c\",\"client_secret\":\"c0ce4cc51127444b90ac2f9a908a860f60b528bb86a08c7b721bccb301a0ff22\",\"refresh_token\":\"R2E1NzA0NjktYWNjZi00NTMwLWFhODQtNzgwM2VkZmNjY2RkMzQ1ZWI1Y2ItNmNi_PF84_4f25a9a0-32e6-445f-b347-d920b9b857be\"}",
  "timestamp": "Oct-20-2025 15:28:48"
}
{
  "level": "debug",
  "message": "Trying CA token request with params: {\"client_id\":\"5KLMJtqxDnthworg\",\"client_secret\":\";L/89v(NA*uUS?Mq/>f\",\"scope\":\"TeleSig_19\"}",
  "timestamp": "Oct-20-2025 15:28:48"
}
{
  "level": "info",
  "message": "Storing in CA token database: {\"access_token\":\"kWFzMbEM9UVS-W0xVc6bKN1cX5g\",\"scope\":\"TeleSig_19\",\"token_type\":\"Bearer\",\"expires_in\":1229}",
  "timestamp": "Oct-20-2025 15:28:48"
}
{
  "level": "debug",
  "message": "lacts.db - Executing (default): SELECT `id`, `access_token`, `scope`, `token_type`, `expires_in`, `createdAt`, `updatedAt` FROM `caltokens` AS `caltokens` WHERE `caltokens`.`id` = 1;",
  "timestamp": "Oct-20-2025 15:28:48"
}
{
  "level": "info",
  "message": "Found existing token details in CA DB: {\"id\":1,\"access_token\":\"3eslJEMih4VG7Yk-1VC1IhfpIko\",\"scope\":\"TeleSig_19\",\"token_type\":\"Bearer\",\"expires_in\":1229,\"createdAt\":\"2025-10-20T21:43:49.020Z\",\"updatedAt\":\"2025-10-20T22:13:48.778Z\"} updating with this data:-> {\"access_token\":\"kWFzMbEM9UVS-W0xVc6bKN1cX5g\",\"scope\":\"TeleSig_19\",\"token_type\":\"Bearer\",\"expires_in\":1229}",
  "timestamp": "Oct-20-2025 15:28:48"
}
{
  "level": "debug",
  "message": "lacts.db - Executing (default): INSERT INTO `caltokens` (`id`,`access_token`,`scope`,`token_type`,`expires_in`,`createdAt`,`updatedAt`) VALUES ($1,$2,$3,$4,$5,$6,$7) ON CONFLICT (`id`) DO UPDATE SET `id`=EXCLUDED.`id`,`access_token`=EXCLUDED.`access_token`,`scope`=EXCLUDED.`scope`,`expires_in`=EXCLUDED.`expires_in`,`token_type`=EXCLUDED.`token_type`,`updatedAt`=EXCLUDED.`updatedAt`;",
  "timestamp": "Oct-20-2025 15:28:48"
}
{
  "level": "debug",
  "message": "Created new CA DB record: [{\"id\":1,\"access_token\":\"kWFzMbEM9UVS-W0xVc6bKN1cX5g\",\"scope\":\"TeleSig_19\",\"expires_in\":1229,\"token_type\":\"Bearer\"},null]",
  "timestamp": "Oct-20-2025 15:28:48"
}
{
  "level": "info",
  "message": "Storing in WX token database: {\"access_token\":\"MDU4NWFkZjItMjkzZS00YjQyLTljYjAtZDg0YTExMzYzN2MwMTEwYmJiYWMtYTU4_PF84_4f25a9a0-32e6-445f-b347-d920b9b857be\",\"expires_in\":1209599,\"refresh_token\":\"R2E1NzA0NjktYWNjZi00NTMwLWFhODQtNzgwM2VkZmNjY2RkMzQ1ZWI1Y2ItNmNi_PF84_4f25a9a0-32e6-445f-b347-d920b9b857be\",\"refresh_token_expires_in\":7696132,\"token_type\":\"Bearer\",\"scope\":\"cjp:config_write cjp:config_read\"}",
  "timestamp": "Oct-20-2025 15:28:48"
}
{
  "level": "debug",
  "message": "lacts.db - Executing (default): SELECT `id`, `access_token`, `expires_in`, `refresh_token`, `refresh_token_expires_in`, `token_type`, `scope`, `createdAt`, `updatedAt` FROM `wxtokens` AS `wxtokens` WHERE `wxtokens`.`id` = 1;",
  "timestamp": "Oct-20-2025 15:28:48"
}
{
  "level": "info",
  "message": "Found existing token details in WX DB: {\"id\":\"1\",\"access_token\":\"ZWRkZWYxMzEtMTdmMC00OTgyLWFkYzAtOTYxY2RkNjJkM2NmMmZkYmNhYmMtMzQ5_PF84_4f25a9a0-32e6-445f-b347-d920b9b857be\",\"expires_in\":1209599,\"refresh_token\":\"R2E1NzA0NjktYWNjZi00NTMwLWFhODQtNzgwM2VkZmNjY2RkMzQ1ZWI1Y2ItNmNi_PF84_4f25a9a0-32e6-445f-b347-d920b9b857be\",\"refresh_token_expires_in\":7697032,\"token_type\":\"Bearer\",\"scope\":\"cjp:config_write cjp:config_read\",\"createdAt\":\"2025-10-20T21:43:49.253Z\",\"updatedAt\":\"2025-10-20T22:13:48.860Z\"} updating with this data:-> {\"access_token\":\"MDU4NWFkZjItMjkzZS00YjQyLTljYjAtZDg0YTExMzYzN2MwMTEwYmJiYWMtYTU4_PF84_4f25a9a0-32e6-445f-b347-d920b9b857be\",\"expires_in\":1209599,\"refresh_token\":\"R2E1NzA0NjktYWNjZi00NTMwLWFhODQtNzgwM2VkZmNjY2RkMzQ1ZWI1Y2ItNmNi_PF84_4f25a9a0-32e6-445f-b347-d920b9b857be\",\"refresh_token_expires_in\":7696132,\"token_type\":\"Bearer\",\"scope\":\"cjp:config_write cjp:config_read\"}",
  "timestamp": "Oct-20-2025 15:28:48"
}
{
  "level": "debug",
  "message": "lacts.db - Executing (default): INSERT INTO `wxtokens` (`id`,`access_token`,`expires_in`,`refresh_token`,`refresh_token_expires_in`,`token_type`,`scope`,`createdAt`,`updatedAt`) VALUES ($1,$2,$3,$4,$5,$6,$7,$8,$9) ON CONFLICT (`id`) DO UPDATE SET `id`=EXCLUDED.`id`,`access_token`=EXCLUDED.`access_token`,`expires_in`=EXCLUDED.`expires_in`,`refresh_token`=EXCLUDED.`refresh_token`,`refresh_token_expires_in`=EXCLUDED.`refresh_token_expires_in`,`token_type`=EXCLUDED.`token_type`,`scope`=EXCLUDED.`scope`,`updatedAt`=EXCLUDED.`updatedAt`;",
  "timestamp": "Oct-20-2025 15:28:48"
}
{
  "level": "debug",
  "message": "Created new WX token DB record: [{\"id\":1,\"access_token\":\"MDU4NWFkZjItMjkzZS00YjQyLTljYjAtZDg0YTExMzYzN2MwMTEwYmJiYWMtYTU4_PF84_4f25a9a0-32e6-445f-b347-d920b9b857be\",\"expires_in\":1209599,\"refresh_token\":\"R2E1NzA0NjktYWNjZi00NTMwLWFhODQtNzgwM2VkZmNjY2RkMzQ1ZWI1Y2ItNmNi_PF84_4f25a9a0-32e6-445f-b347-d920b9b857be\",\"refresh_token_expires_in\":7696132,\"token_type\":\"Bearer\",\"scope\":\"cjp:config_write cjp:config_read\"},null]",
  "timestamp": "Oct-20-2025 15:28:48"
}
{
  "level": "debug",
  "message": "Trying request for WX Token with params: {\"grant_type\":\"refresh_token\",\"client_id\":\"C2dee08fe0c3cdfb22000cedd22a99e24fa1120d948416d67ee49b2f889e69d2c\",\"client_secret\":\"c0ce4cc51127444b90ac2f9a908a860f60b528bb86a08c7b721bccb301a0ff22\",\"refresh_token\":\"R2E1NzA0NjktYWNjZi00NTMwLWFhODQtNzgwM2VkZmNjY2RkMzQ1ZWI1Y2ItNmNi_PF84_4f25a9a0-32e6-445f-b347-d920b9b857be\"}",
  "timestamp": "Oct-20-2025 15:43:48"
}
{
  "level": "debug",
  "message": "Trying CA token request with params: {\"client_id\":\"5KLMJtqxDnthworg\",\"client_secret\":\";L/89v(NA*uUS?Mq/>f\",\"scope\":\"TeleSig_19\"}",
  "timestamp": "Oct-20-2025 15:43:48"
}
{
  "level": "info",
  "message": "Storing in CA token database: {\"access_token\":\"jW4D2EjEc7agQJ-cPjR73cEnu5Y\",\"scope\":\"TeleSig_19\",\"token_type\":\"Bearer\",\"expires_in\":1229}",
  "timestamp": "Oct-20-2025 15:43:48"
}
{
  "level": "debug",
  "message": "lacts.db - Executing (default): SELECT `id`, `access_token`, `scope`, `token_type`, `expires_in`, `createdAt`, `updatedAt` FROM `caltokens` AS `caltokens` WHERE `caltokens`.`id` = 1;",
  "timestamp": "Oct-20-2025 15:43:48"
}
{
  "level": "info",
  "message": "Found existing token details in CA DB: {\"id\":1,\"access_token\":\"kWFzMbEM9UVS-W0xVc6bKN1cX5g\",\"scope\":\"TeleSig_19\",\"token_type\":\"Bearer\",\"expires_in\":1229,\"createdAt\":\"2025-10-20T21:43:49.020Z\",\"updatedAt\":\"2025-10-20T22:28:48.775Z\"} updating with this data:-> {\"access_token\":\"jW4D2EjEc7agQJ-cPjR73cEnu5Y\",\"scope\":\"TeleSig_19\",\"token_type\":\"Bearer\",\"expires_in\":1229}",
  "timestamp": "Oct-20-2025 15:43:48"
}
{
  "level": "debug",
  "message": "lacts.db - Executing (default): INSERT INTO `caltokens` (`id`,`access_token`,`scope`,`token_type`,`expires_in`,`createdAt`,`updatedAt`) VALUES ($1,$2,$3,$4,$5,$6,$7) ON CONFLICT (`id`) DO UPDATE SET `id`=EXCLUDED.`id`,`access_token`=EXCLUDED.`access_token`,`scope`=EXCLUDED.`scope`,`expires_in`=EXCLUDED.`expires_in`,`token_type`=EXCLUDED.`token_type`,`updatedAt`=EXCLUDED.`updatedAt`;",
  "timestamp": "Oct-20-2025 15:43:48"
}
{
  "level": "debug",
  "message": "Created new CA DB record: [{\"id\":1,\"access_token\":\"jW4D2EjEc7agQJ-cPjR73cEnu5Y\",\"scope\":\"TeleSig_19\",\"expires_in\":1229,\"token_type\":\"Bearer\"},null]",
  "timestamp": "Oct-20-2025 15:43:48"
}
{
  "level": "info",
  "message": "Storing in WX token database: {\"access_token\":\"OWFlYjJlZTQtY2Q3Mi00MDIxLTg1OTgtMmFmZTBlYjBmZjBmZDU1MDkyZWItZjRk_PF84_4f25a9a0-32e6-445f-b347-d920b9b857be\",\"expires_in\":1209599,\"refresh_token\":\"R2E1NzA0NjktYWNjZi00NTMwLWFhODQtNzgwM2VkZmNjY2RkMzQ1ZWI1Y2ItNmNi_PF84_4f25a9a0-32e6-445f-b347-d920b9b857be\",\"refresh_token_expires_in\":7695232,\"token_type\":\"Bearer\",\"scope\":\"cjp:config_write cjp:config_read\"}",
  "timestamp": "Oct-20-2025 15:43:48"
}
{
  "level": "debug",
  "message": "lacts.db - Executing (default): SELECT `id`, `access_token`, `expires_in`, `refresh_token`, `refresh_token_expires_in`, `token_type`, `scope`, `createdAt`, `updatedAt` FROM `wxtokens` AS `wxtokens` WHERE `wxtokens`.`id` = 1;",
  "timestamp": "Oct-20-2025 15:43:48"
}
{
  "level": "info",
  "message": "Found existing token details in WX DB: {\"id\":\"1\",\"access_token\":\"MDU4NWFkZjItMjkzZS00YjQyLTljYjAtZDg0YTExMzYzN2MwMTEwYmJiYWMtYTU4_PF84_4f25a9a0-32e6-445f-b347-d920b9b857be\",\"expires_in\":1209599,\"refresh_token\":\"R2E1NzA0NjktYWNjZi00NTMwLWFhODQtNzgwM2VkZmNjY2RkMzQ1ZWI1Y2ItNmNi_PF84_4f25a9a0-32e6-445f-b347-d920b9b857be\",\"refresh_token_expires_in\":7696132,\"token_type\":\"Bearer\",\"scope\":\"cjp:config_write cjp:config_read\",\"createdAt\":\"2025-10-20T21:43:49.253Z\",\"updatedAt\":\"2025-10-20T22:28:48.878Z\"} updating with this data:-> {\"access_token\":\"OWFlYjJlZTQtY2Q3Mi00MDIxLTg1OTgtMmFmZTBlYjBmZjBmZDU1MDkyZWItZjRk_PF84_4f25a9a0-32e6-445f-b347-d920b9b857be\",\"expires_in\":1209599,\"refresh_token\":\"R2E1NzA0NjktYWNjZi00NTMwLWFhODQtNzgwM2VkZmNjY2RkMzQ1ZWI1Y2ItNmNi_PF84_4f25a9a0-32e6-445f-b347-d920b9b857be\",\"refresh_token_expires_in\":7695232,\"token_type\":\"Bearer\",\"scope\":\"cjp:config_write cjp:config_read\"}",
  "timestamp": "Oct-20-2025 15:43:48"
}
{
  "level": "debug",
  "message": "lacts.db - Executing (default): INSERT INTO `wxtokens` (`id`,`access_token`,`expires_in`,`refresh_token`,`refresh_token_expires_in`,`token_type`,`scope`,`createdAt`,`updatedAt`) VALUES ($1,$2,$3,$4,$5,$6,$7,$8,$9) ON CONFLICT (`id`) DO UPDATE SET `id`=EXCLUDED.`id`,`access_token`=EXCLUDED.`access_token`,`expires_in`=EXCLUDED.`expires_in`,`refresh_token`=EXCLUDED.`refresh_token`,`refresh_token_expires_in`=EXCLUDED.`refresh_token_expires_in`,`token_type`=EXCLUDED.`token_type`,`scope`=EXCLUDED.`scope`,`updatedAt`=EXCLUDED.`updatedAt`;",
  "timestamp": "Oct-20-2025 15:43:48"
}
{
  "level": "debug",
  "message": "Created new WX token DB record: [{\"id\":1,\"access_token\":\"OWFlYjJlZTQtY2Q3Mi00MDIxLTg1OTgtMmFmZTBlYjBmZjBmZDU1MDkyZWItZjRk_PF84_4f25a9a0-32e6-445f-b347-d920b9b857be\",\"expires_in\":1209599,\"refresh_token\":\"R2E1NzA0NjktYWNjZi00NTMwLWFhODQtNzgwM2VkZmNjY2RkMzQ1ZWI1Y2ItNmNi_PF84_4f25a9a0-32e6-445f-b347-d920b9b857be\",\"refresh_token_expires_in\":7695232,\"token_type\":\"Bearer\",\"scope\":\"cjp:config_write cjp:config_read\"},null]",
  "timestamp": "Oct-20-2025 15:43:48"
}
{
  "level": "debug",
  "message": "Trying request for WX Token with params: {\"grant_type\":\"refresh_token\",\"client_id\":\"C2dee08fe0c3cdfb22000cedd22a99e24fa1120d948416d67ee49b2f889e69d2c\",\"client_secret\":\"c0ce4cc51127444b90ac2f9a908a860f60b528bb86a08c7b721bccb301a0ff22\",\"refresh_token\":\"R2E1NzA0NjktYWNjZi00NTMwLWFhODQtNzgwM2VkZmNjY2RkMzQ1ZWI1Y2ItNmNi_PF84_4f25a9a0-32e6-445f-b347-d920b9b857be\"}",
  "timestamp": "Oct-20-2025 15:58:48"
}
{
  "level": "debug",
  "message": "Trying CA token request with params: {\"client_id\":\"5KLMJtqxDnthworg\",\"client_secret\":\";L/89v(NA*uUS?Mq/>f\",\"scope\":\"TeleSig_19\"}",
  "timestamp": "Oct-20-2025 15:58:48"
}
{
  "level": "info",
  "message": "Storing in CA token database: {\"access_token\":\"E46RzHGTBuRqZqGHxaWJo5Rf00c\",\"scope\":\"TeleSig_19\",\"token_type\":\"Bearer\",\"expires_in\":1229}",
  "timestamp": "Oct-20-2025 15:58:48"
}
{
  "level": "debug",
  "message": "lacts.db - Executing (default): SELECT `id`, `access_token`, `scope`, `token_type`, `expires_in`, `createdAt`, `updatedAt` FROM `caltokens` AS `caltokens` WHERE `caltokens`.`id` = 1;",
  "timestamp": "Oct-20-2025 15:58:48"
}
{
  "level": "info",
  "message": "Found existing token details in CA DB: {\"id\":1,\"access_token\":\"jW4D2EjEc7agQJ-cPjR73cEnu5Y\",\"scope\":\"TeleSig_19\",\"token_type\":\"Bearer\",\"expires_in\":1229,\"createdAt\":\"2025-10-20T21:43:49.020Z\",\"updatedAt\":\"2025-10-20T22:43:48.824Z\"} updating with this data:-> {\"access_token\":\"E46RzHGTBuRqZqGHxaWJo5Rf00c\",\"scope\":\"TeleSig_19\",\"token_type\":\"Bearer\",\"expires_in\":1229}",
  "timestamp": "Oct-20-2025 15:58:48"
}
{
  "level": "debug",
  "message": "lacts.db - Executing (default): INSERT INTO `caltokens` (`id`,`access_token`,`scope`,`token_type`,`expires_in`,`createdAt`,`updatedAt`) VALUES ($1,$2,$3,$4,$5,$6,$7) ON CONFLICT (`id`) DO UPDATE SET `id`=EXCLUDED.`id`,`access_token`=EXCLUDED.`access_token`,`scope`=EXCLUDED.`scope`,`expires_in`=EXCLUDED.`expires_in`,`token_type`=EXCLUDED.`token_type`,`updatedAt`=EXCLUDED.`updatedAt`;",
  "timestamp": "Oct-20-2025 15:58:48"
}
{
  "level": "debug",
  "message": "Created new CA DB record: [{\"id\":1,\"access_token\":\"E46RzHGTBuRqZqGHxaWJo5Rf00c\",\"scope\":\"TeleSig_19\",\"expires_in\":1229,\"token_type\":\"Bearer\"},null]",
  "timestamp": "Oct-20-2025 15:58:48"
}
{
  "level": "info",
  "message": "Storing in WX token database: {\"access_token\":\"ZGVhZThiYzItZGFjOC00ZmQyLTgyMjItZTE3OWNmZmI5YmJjOGYyNTRlN2UtZDk5_PF84_4f25a9a0-32e6-445f-b347-d920b9b857be\",\"expires_in\":1209599,\"refresh_token\":\"R2E1NzA0NjktYWNjZi00NTMwLWFhODQtNzgwM2VkZmNjY2RkMzQ1ZWI1Y2ItNmNi_PF84_4f25a9a0-32e6-445f-b347-d920b9b857be\",\"refresh_token_expires_in\":7694332,\"token_type\":\"Bearer\",\"scope\":\"cjp:config_write cjp:config_read\"}",
  "timestamp": "Oct-20-2025 15:58:48"
}
{
  "level": "debug",
  "message": "lacts.db - Executing (default): SELECT `id`, `access_token`, `expires_in`, `refresh_token`, `refresh_token_expires_in`, `token_type`, `scope`, `createdAt`, `updatedAt` FROM `wxtokens` AS `wxtokens` WHERE `wxtokens`.`id` = 1;",
  "timestamp": "Oct-20-2025 15:58:48"
}
{
  "level": "info",
  "message": "Found existing token details in WX DB: {\"id\":\"1\",\"access_token\":\"OWFlYjJlZTQtY2Q3Mi00MDIxLTg1OTgtMmFmZTBlYjBmZjBmZDU1MDkyZWItZjRk_PF84_4f25a9a0-32e6-445f-b347-d920b9b857be\",\"expires_in\":1209599,\"refresh_token\":\"R2E1NzA0NjktYWNjZi00NTMwLWFhODQtNzgwM2VkZmNjY2RkMzQ1ZWI1Y2ItNmNi_PF84_4f25a9a0-32e6-445f-b347-d920b9b857be\",\"refresh_token_expires_in\":7695232,\"token_type\":\"Bearer\",\"scope\":\"cjp:config_write cjp:config_read\",\"createdAt\":\"2025-10-20T21:43:49.253Z\",\"updatedAt\":\"2025-10-20T22:43:48.907Z\"} updating with this data:-> {\"access_token\":\"ZGVhZThiYzItZGFjOC00ZmQyLTgyMjItZTE3OWNmZmI5YmJjOGYyNTRlN2UtZDk5_PF84_4f25a9a0-32e6-445f-b347-d920b9b857be\",\"expires_in\":1209599,\"refresh_token\":\"R2E1NzA0NjktYWNjZi00NTMwLWFhODQtNzgwM2VkZmNjY2RkMzQ1ZWI1Y2ItNmNi_PF84_4f25a9a0-32e6-445f-b347-d920b9b857be\",\"refresh_token_expires_in\":7694332,\"token_type\":\"Bearer\",\"scope\":\"cjp:config_write cjp:config_read\"}",
  "timestamp": "Oct-20-2025 15:58:48"
}
{
  "level": "debug",
  "message": "lacts.db - Executing (default): INSERT INTO `wxtokens` (`id`,`access_token`,`expires_in`,`refresh_token`,`refresh_token_expires_in`,`token_type`,`scope`,`createdAt`,`updatedAt`) VALUES ($1,$2,$3,$4,$5,$6,$7,$8,$9) ON CONFLICT (`id`) DO UPDATE SET `id`=EXCLUDED.`id`,`access_token`=EXCLUDED.`access_token`,`expires_in`=EXCLUDED.`expires_in`,`refresh_token`=EXCLUDED.`refresh_token`,`refresh_token_expires_in`=EXCLUDED.`refresh_token_expires_in`,`token_type`=EXCLUDED.`token_type`,`scope`=EXCLUDED.`scope`,`updatedAt`=EXCLUDED.`updatedAt`;",
  "timestamp": "Oct-20-2025 15:58:48"
}
{
  "level": "debug",
  "message": "Created new WX token DB record: [{\"id\":1,\"access_token\":\"ZGVhZThiYzItZGFjOC00ZmQyLTgyMjItZTE3OWNmZmI5YmJjOGYyNTRlN2UtZDk5_PF84_4f25a9a0-32e6-445f-b347-d920b9b857be\",\"expires_in\":1209599,\"refresh_token\":\"R2E1NzA0NjktYWNjZi00NTMwLWFhODQtNzgwM2VkZmNjY2RkMzQ1ZWI1Y2ItNmNi_PF84_4f25a9a0-32e6-445f-b347-d920b9b857be\",\"refresh_token_expires_in\":7694332,\"token_type\":\"Bearer\",\"scope\":\"cjp:config_write cjp:config_read\"},null]",
  "timestamp": "Oct-20-2025 15:58:48"
}
